Type, Px, Py, Pz, X, Y, Z
0, 0.154635, 0.158128, -0.186024, 3.37967, 10.2455, 18.3892
0, 0.284041, 0.0656832, 0.0748829, 10.3565, 19.5763, 13.1252
0, -0.3674, 0.0651588, -0.19061, 4.74215, 18.7454, 15.5189
0, 0.0185075, 0.502201, -0.0497623, 18.3495, 9.06524, 14.4106
0, -0.437679, 0.583184, 0.306617, 7.0421, 14.5667, 8.20188
0, 0.0394574, 0.197643, 0.149604, 13.2177, 4.12763, 5.96755
0, -0.452323, 0.804941, 0.359936, 15.2111, 4.02069, 1.73174
0, -0.916523, -0.287865, 0.655507, 1.92859, 8.05948, 3.85221
0, 0.103709, 0.552697, 0.2818, 14.9086, 17.3877, 1.66112
0, -0.382495, -0.21304, -0.344326, 11.2726, 18.0584, 19.1447
0, -0.292231, 0.281866, 0.342218, 0.93639, 9.32814, 7.08187
0, -0.298078, 0.0370453, 0.428143, 10.343, 1.61699, 15.5937
0, 0.0591899, 0.233488, -0.383652, 7.39469, 0.110938, 11.648
0, 0.139868, -0.952533, 0.0220748, 9.7218, 2.81764, 8.24048
0, -0.896963, -0.202424, -0.675546, 10.3046, 5.35584, 16.329
0, 1.03183, 0.216358, -0.765721, 12.6139, 15.927, 8.34186
0, 0.413237, 0.092287, 0.130258, 17.6183, 3.14744, 19.8968
0, -0.0882781, 0.0253646, 0.0847857, 6.84996, 11.5835, 12.0356
0, -0.366634, -0.233692, -0.252936, 11.8103, 18.8844, 16.474
0, -0.344023, -0.129562, 0.573257, 16.7111, 14.8631, 1.04685
0, -0.0981454, 0.357965, 0.359886, 8.93715, 6.95578, 13.8542
0, 1.15601, 0.143737, 0.756512, 18.0973, 17.0341, 11.3077
0, 0.109176, -0.785667, -0.661738, 2.4427, 6.55896, 13.1301
0, -0.66919, -0.908427, 0.246922, 12.5582, 17.3515, 14.2151
1, -0.55799, -0.089042, -0.0469903, 8.12071, 10.1735, 7.91092
1, -0.246508, 0.271597, 0.372824, 16.4767, 6.11111, 5.3186
1, -0.131559, -0.0103001, -0.0368138, 14.6126, 10.6367, 0.496608
1, -0.137769, -0.148451, -0.106879, 7.04414, 0.398314, 8.85087
1, -0.17105, -0.668138, -0.307178, 6.99206, 9.64117, 10.0595
1, -0.147943, 0.319149, -0.184026, 12.6176, 14.7769, 14.7643
1, -0.28392, 0.252683, 0.274776, 12.8918, 5.95013, 9.46277
1, -0.00101903, 0.261957, 0.122059, 17.7367, 8.83823, 6.1751
1, 0.178526, -0.0615575, 0.0797753, 10.6149, 14.2121, 7.91785
1, 0.166667, -0.0340707, -0.25074, 16.921, 15.6521, 10.3883
1, -0.0754253, 0.168729, 0.105879, 3.05171, 15.6528, 12.0171
1, 0.275635, -0.30198, 0.0819917, 14.114, 5.69792, 6.86439
1, 0.827489, 0.0344445, -0.146138, 11.6098, 11.3544, 18.5094
1, -0.0718729, 0.240107, 0.159349, 10.381, 19.9028, 1.19567
1, -0.0902618, 0.295057, 0.0955142, 17.1729, 9.95695, 8.02228
1, 0.120826, 0.104455, -0.041416, 4.31299, 9.47781, 3.52065
1, -0.391657, -0.557608, 0.216571, 19.0473, 12.0425, 7.57022
1, -0.289838, -0.413894, 0.0613788, 14.3183, 5.00871, 15.4772
1, 0.132649, -0.75105, -0.0813457, 13.9088, 18.908, 1.61105
1, 0.113751, -0.409299, -0.110706, 7.03095, 2.26129, 11.1502
1, -0.0378831, -0.366574, 0.069378, 18.8915, 5.75952, 15.3255
1, 0.114311, 0.106993, -0.0453271, 3.05405, 1.39297, 13.1931
1, 0.254192, -0.151648, -0.0244618, 3.64001, 16.6892, 17.2397
1, 0.260924, 0.0183675, 0.156864, 16.2721, 13.7529, 17.3726
1, 0.0891325, 0.00651614, 0.413451, 5.21005, 2.31411, 15.0214
1, 0.402754, -0.171074, -0.279077, 5.63478, 2.68411, 19.7517
1, -0.217032, 0.422421, 0.539832, 8.57795, 5.26544, 1.04399
1, -0.0943457, 0.136296, 0.0675513, 2.48455, 9.18355, 2.26242
1, 0.00211159, -0.213913, -0.329675, 19.7583, 11.8241, 9.70375
1, 0.0365318, 0.243616, -0.454539, 9.29464, 15.5612, 7.4154
1, 0.330557, 0.406811, 0.389417, 16.6038, 3.2062, 18.6779
1, -0.0210652, 0.250095, -0.384304, 2.21296, 18.7645, 0.995028
1, 0.151593, -0.309693, -0.131417, 17.1298, 10.8561, 0.641585
1, -0.729713, -0.0891585, 0.0930128, 12.2514, 15.5689, 9.46155
1, -0.052515, 0.0224449, -0.085717, 10.9957, 6.83258, 8.25302
1, -0.0179216, 0.0685013, -0.226176, 16.0098, 15.157, 13.3793
1, -0.0716485, -0.0946812, 0.0390764, 16.9691, 16.6905, 5.03585
1, -0.255573, -0.22264, -0.00591478, 9.6517, 18.3009, 13.7756
1, 0.0459026, -0.346174, -0.197124, 5.80156, 10.0231, 9.98322
1, -0.0161715, 0.266777, 0.0727824, 17.4695, 5.10704, 8.06336
1, -0.107439, -0.143398, -0.354264, 2.46575, 4.8213, 16.2251
1, -0.0694317, -0.0436006, -0.0129318, 7.50788, 4.28805, 9.81178
1, -0.16067, -0.704412, -0.280382, 3.6183, 14.4131, 14.5069
1, 0.216237, 0.381067, -0.313927, 6.16356, 10.4292, 9.96831
1, -0.0947188, 0.0208412, -0.00172805, 15.7769, 7.59463, 0.15995
1, 0.428003, -0.302685, -0.125364, 18.6275, 11.8354, 11.9865
1, -0.598621, 0.0016901, -0.550108, 12.0585, 7.23603, 10.6896
1, -0.354892, 0.17303, -0.226136, 3.12007, 17.0257, 16.6301
1, 0.553134, -0.633956, 0.41697, 11.6019, 3.10292, 12.6002
1, 0.375705, 0.446743, 0.239641, 15.1155, 7.32345, 10.2409
1, -0.142177, -0.398146, -0.0139628, 13.9671, 5.71042, 1.44194
1, -0.243628, -0.181254, -0.02859, 4.64395, 9.22392, 5.19669
1, -0.293489, 0.298756, 0.0130532, 17.3909, 2.69437, 14.0806
1, -0.0364308, 0.162928, -0.32458, 5.11161, 18.2495, 13.8116
1, -0.194078, -0.162724, -0.619206, 16.9975, 16.0068, 14.124
1, -0.124684, -0.132527, 0.288395, 13.44, 3.09557, 18.2265
1, -0.180378, -0.103912, -0.214632, 15.1071, 14.3414, 2.61982
1, 0.217849, 0.161127, 0.207029, 9.0359, 1.65996, 12.3472
1, -0.617799, -0.369291, -0.276387, 13.0368, 1.99346, 3.68473
1, 0.23473, 0.0532369, -0.0121971, 11.3836, 8.68937, 5.53505
1, -0.251878, -0.0511202, 0.630639, 10.4631, 19.118, 0.134898
1, 0.0124726, 0.205395, -0.0466706, 12.0218, 15.9108, 16.4661
1, -0.339484, -0.10877, -0.390846, 8.12289, 17.6654, 15.9772
1, 0.259294, -0.247516, 0.413173, 3.86397, 6.62688, 18.4361
1, 0.658544, 0.0620166, -0.329538, 12.1661, 11.6304, 7.30969
1, 0.260796, -0.0462705, 0.0938388, 9.00805, 1.34071, 1.91733
1, -0.359987, 0.174494, 0.43502, 9.37032, 17.1719, 6.44662
1, -0.233542, 0.278044, -0.257244, 9.47668, 6.65961, 2.34309
1, 0.213247, 0.465963, -0.196991, 18.2689, 7.72801, 15.0937
1, 0.218074, -0.603485, -0.423806, 7.19071, 9.31004, 6.04009
1, -0.137406, 0.192459, 0.217072, 3.4367, 2.48853, 10.3175
1, 0.390819, 0.154994, 0.467845, 19.5829, 17.7289, 9.02806
1, -0.563049, -0.641178, 0.0537666, 10.4225, 9.21926, 17.982
1, 0.0290526, 0.184213, -0.122272, 8.83384, 2.54223, 17.4295
1, 0.718229, -0.263764, 0.094957, 7.22264, 18.2221, 4.66916
1, 0.448517, -0.350326, -0.336193, 19.6014, 14.7667, 5.19291
1, 0.0586871, 0.568073, -0.381862, 7.42976, 2.64766, 11.2938
1, 0.0891167, 0.0352861, 0.190216, 1.59408, 2.19484, 1.47334
1, 0.346102, 0.352131, -0.0960499, 3.13917, 3.36329, 10.9585
1, -0.7415, 0.213186, -0.602637, 10.9696, 5.36048, 4.92051
1, -0.0871667, -0.373742, 0.157936, 3.06842, 11.5871, 7.90274
1, 0.092131, -0.198305, -0.0320637, 3.25741, 15.2401, 9.42256
1, -0.0441457, -0.289197, -0.305525, 4.35821, 11.4388, 0.0812555
1, -0.121449, 0.0526273, -0.499769, 13.7919, 7.8465, 2.50862
1, -0.11014, 0.102228, 0.358803, 17.2491, 18.2246, 4.82463
1, -0.232549, -0.387224, 0.279176, 0.719165, 5.5949, 3.13609
1, 0.166158, 0.248113, 0.35645, 16.1783, 7.44117, 6.45401
1, 0.230372, -0.118616, 0.233795, 6.91824, 12.0969, 12.0361
1, 0.000951797, 0.218658, 0.256431, 18.7899, 7.22668, 3.58031
1, 0.0194335, -0.550566, 0.712952, 11.2912, 3.49649, 3.29529
1, 0.237131, 0.052509, -0.644773, 0.608273, 1.58765, 1.36797
1, -0.363596, 0.127287, 0.218735, 10.2387, 16.5168, 12.9978
1, 0.134193, -0.3447, 0.0285528, 13.2148, 2.20454, 6.53475
1, -0.033662, 0.0984433, -0.0249959, 16.2898, 15.6923, 13.8813
1, -0.281193, 0.0710285, -0.208169, 4.76963, 13.651, 8.08327
1, 0.0709392, -0.0487768, -0.329954, 3.96364, 12.8257, 9.44176
1, -0.00677915, -0.340845, 0.0746953, 9.92984, 17.5216, 12.3636
1, 0.479026, -0.48379, -0.0919287, 6.88192, 9.59062, 19.4859
1, -0.409698, -0.0775367, -0.366279, 19.2803, 0.428187, 0.0364254
1, 0.30858, -0.96557, -0.0517415, 3.49311, 9.8302, 12.8502
1, 0.0437472, -0.282413, -0.317267, 3.91283, 15.8782, 4.30603
1, 0.0154705, 0.291975, 0.332807, 8.82797, 2.9986, 11.1523
1, 0.0346403, -0.434415, -0.0324451, 2.73342, 2.77109, 14.8461
1, 0.441952, 0.00963452, 0.0288969, 13.716, 4.38041, 2.63704
1, 0.168239, -0.0477953, -0.407014, 19.702, 3.68335, 15.3336
1, -0.425347, -0.433668, 0.0658238, 2.69326, 10.6347, 13.5219
1, 0.0585433, -0.180356, 0.21008, 1.0838, 17.3774, 8.98638
1, -0.239204, -0.277522, 0.0438622, 15.5897, 17.4913, 4.98182
1, 0.0675655, 0.158829, -0.121364, 7.63562, 4.99053, 1.65765
1, 0.21069, -0.154033, -0.439323, 9.32342, 16.3766, 19.6395
1, -0.0585338, -0.171449, -0.695802, 13.2192, 4.83819, 13.7915
1, 0.399964, 0.371623, 0.192784, 1.82555, 19.7932, 19.3236
1, -0.100017, 0.468419, 0.00464129, 9.96108, 12.4702, 14.4172
1, 0.91052, -0.0297893, -0.210455, 7.17206, 17.7896, 13.3504
1, 0.00802017, 0.19118, -0.39288, 8.41574, 6.45605, 9.76386
1, -0.19878, -0.517365, 0.242581, 11.7425, 6.17466, 0.736543
1, -0.159444, -0.00129491, -0.191251, 12.5941, 13.1828, 6.03366
1, -0.5212, -0.377804, -0.636113, 6.31138, 1.49551, 7.88707
1, -0.0786271, -0.136797, 0.171445, 16.2508, 5.585, 16.3873
1, 0.0508409, 0.289272, -0.220059, 10.9045, 2.80213, 19.2698
1, 0.452365, 0.0315716, -0.183002, 1.57593, 18.2635, 3.07256
1, 0.585969, -0.0293823, -0.0186105, 2.72524, 16.8965, 13.7112
1, -0.616493, 0.0115711, 0.249054, 11.6514, 12.348, 13.9213
1, 0.246377, -0.0912309, -0.0996798, 16.307, 15.2928, 13.4536
1, -0.483947, 0.347954, 0.485885, 5.23888, 12.3479, 19.7968
1, 0.10769, 0.153789, 0.211757, 17.6784, 5.67207, 5.74181
1, 0.196172, -0.126765, -0.467949, 9.94336, 13.4255, 18.5849
1, -0.430091, -0.339099, 0.344446, 13.2393, 17.5967, 16.5491
1, 0.232066, -0.142873, 0.112951, 14.7266, 8.969, 4.4727
1, -0.241529, -0.147482, 0.51656, 13.0859, 10.4793, 5.44683
1, 1.10246, 0.0167687, 0.0301617, 2.51043, 18.2096, 8.50338
1, 0.0357152, -0.0288873, -0.731559, 16.7957, 9.81396, 0.0736648
1, -0.904804, 0.13579, 0.061484, 5.4035, 2.70782, 13.0847
1, 0.275352, -0.757365, -0.297422, 10.6195, 7.34133, 10.5312
1, -0.298294, 0.0579888, 0.159081, 11.2252, 11.7584, 11.6086
1, -0.0679954, -0.138853, -0.54967, 15.2193, 0.794199, 6.04506
1, 0.673605, -0.153871, -0.351006, 8.64635, 14.6004, 8.10039
1, 0.087723, 0.12824, -0.429777, 13.8312, 15.3147, 9.72703
1, -0.367108, -0.57503, 0.624657, 15.4923, 8.78251, 1.37598
1, 0.466876, -0.0331745, 0.411163, 15.1796, 9.78725, 0.828476
1, -0.120106, 0.367696, 0.318395, 0.0260505, 1.16668, 1.46415
1, -0.341126, 0.235798, 0.196758, 15.1807, 4.77669, 15.1346
1, -0.00167127, -0.0289496, 0.182713, 9.31419, 16.2985, 2.96789
1, 0.0429721, -0.528015, 0.279561, 9.31075, 2.58699, 8.43805
1, -0.452163, -0.256074, -0.177132, 5.77678, 12.4104, 16.3807
1, -0.0169638, 0.427916, 1.275, 0.423162, 11.7286, 17.0016
1, -0.1057, 0.0939819, -0.172406, 12.429, 11.3901, 3.28853
1, -0.616454, 0.462504, 0.022692, 9.07892, 19.7619, 11.2727
1, 0.0775997, 0.220826, 0.11993, 6.45806, 10.2573, 3.33034
1, -0.247345, 0.572384, 0.130252, 16.8694, 17.9649, 6.07064
1, 0.136481, 0.2455, -0.123901, 4.43115, 12.8869, 16.9509
1, 0.00859449, 0.0305813, -0.044899, 2.86121, 4.3023, 19.8918
1, -0.100104, 0.0426904, 0.297734, 15.3883, 10.3884, 10.2757
1, -0.412625, -0.021733, -0.428128, 3.10082, 16.917, 16.3388
1, -0.472271, 0.287893, -0.157172, 18.9687, 0.632311, 1.09005
1, -0.465253, -0.359617, 0.331422, 11.7187, 4.44594, 11.366
1, 0.669906, -0.0141776, -0.35652, 15.3547, 13.9061, 6.64788
1, -0.416379, -0.291824, 0.138552, 16.457, 8.87623, 4.31037
1, -0.473551, -0.0475555, -0.10323, 1.36569, 9.95031, 3.06386
1, -0.205551, -0.256526, 0.176273, 0.770091, 3.54214, 17.0458
1, -0.443133, 0.0271879, 0.248947, 19.5596, 17.7834, 1.15877
1, -0.354311, -0.0432438, -0.0762798, 3.43945, 1.3716, 12.1344
1, -0.262631, 0.964069, 0.921128, 5.40991, 14.6257, 19.0279
1, -0.373235, -0.697599, -0.313453, 1.50244, 19.5587, 14.8525
1, -0.291893, -0.0106508, -0.291983, 14.0387, 4.25539, 1.54834
1, -0.386938, 0.0583267, -0.379344, 8.9918, 8.13514, 12.1175
1, -0.224087, -0.106645, 0.123049, 9.8731, 6.96631, 12.4005
1, 0.243106, -0.104897, 0.0344256, 0.149237, 5.50109, 17.1925
1, 0.346241, -0.193851, -0.349828, 9.77507, 19.6746, 12.7898
1, -0.168929, 0.188649, -0.475811, 15.6424, 1.31672, 14.8721
1, -0.0985507, 0.206125, -0.418724, 10.1406, 10.1435, 6.3548
1, -0.138961, 0.539392, 0.512635, 6.55747, 4.65538, 1.81649
1, 0.956166, -0.0886136, 0.972925, 14.3232, 11.8794, 9.26015
1, 0.362387, -0.0479829, -0.253768, 16.4169, 8.20357, 19.7579
1, 0.695441, 0.358126, 0.303363, 9.01101, 7.70742, 10.2827
1, -0.559259, 1.00179, -0.434947, 3.12105, 11.6035, 9.64111
1, 0.17641, 0.0548535, 0.319424, 0.376781, 7.07705, 9.80342
1, -1.01428, -0.651714, -0.150778, 9.85956, 8.0374, 18.6472
1, -0.190558, -0.0245434, -0.128243, 2.84238, 11.3518, 8.40345
1, -0.157607, -0.11364, -0.0713788, 0.730884, 6.47309, 5.76776
1, -0.0338306, -0.455197, 0.0223635, 15.661, 19.0971, 4.23794
1, -0.0291161, -0.0878684, 0.488304, 6.16403, 16.6363, 5.49449
1, 0.0113385, -0.17256, 0.323703, 11.3256, 8.11574, 19.29
1, 0.34257, -0.895997, -0.448682, 9.07605, 4.3728, 17.4745
1, 0.329737, 0.428172, 0.070475, 16.0913, 8.90578, 12.469
1, 0.484371, 0.179105, 0.491604, 4.23832, 13.4025, 12.8262
1, -0.57438, 0.304003, 0.0638686, 10.3138, 6.11802, 12.3441
1, -0.0711733, 0.204148, 0.0186296, 5.70108, 2.17889, 13.4547
1, -0.268096, 0.0537538, 0.232628, 17.3209, 1.00608, 14.4895
1, 0.29626, 0.0468409, -0.055326, 0.930201, 15.5657, 3.45998
1, 0.256605, 0.30828, -0.0560547, 0.445847, 5.64216, 13.6535
1, -0.229209, -0.00227737, -0.0972583, 13.5876, 14.5296, 14.3342
1, 0.166729, -0.127409, -0.0365706, 12.6665, 8.31346, 8.05077
1, -0.360356, 0.238615, -0.567076, 6.36732, 12.4397, 9.31757
1, -0.0325116, -0.149547, 0.071691, 18.7553, 8.48945, 16.8922
1, 0.574265, -0.762749, 0.176844, 16.2352, 10.0077, 1.40402
1, -0.272145, 0.616037, -0.125143, 17.5234, 6.63822, 13.5796
1, 0.0749008, 0.305527, 0.115188, 16.8502, 4.46258, 10.0665
1, 0.656583, 0.117664, 1.04411, 18.7142, 15.2589, 14.7322
1, 0.0312088, 0.190837, -0.0376339, 17.5876, 1.13581, 1.25379
1, 0.23359, 0.198446, 0.305849, 10.0651, 11.0929, 13.5843
1, -0.821356, -0.0733709, -0.698965, 9.76071, 9.45328, 1.66581
1, -0.161313, 0.121186, -0.523462, 14.4088, 10.1156, 6.42581
1, 0.108371, 0.0400813, -0.404833, 13.3172, 12.9679, 7.10865
1, -0.620234, -0.171727, 0.51298, 5.43725, 0.571336, 5.37351
1, -0.220041, 0.143835, -0.00788137, 7.37392, 5.39312, 1.20933
1, -0.0375992, -0.267085, -0.269096, 3.35136, 19.9369, 13.814
1, 0.115029, 0.222241, -0.328551, 11.3112, 8.45841, 9.41592
1, 0.0590895, -0.665411, -0.237523, 7.38963, 13.4378, 9.01734
1, 0.33868, -0.150559, -0.303429, 0.796359, 6.12351, 10.3122
1, 0.748704, -0.0123925, 0.0170406, 19.454, 12.6345, 7.13185
1, -0.105312, -0.47719, -0.32522, 6.59878, 10.1593, 2.02498
1, -0.127883, 0.164028, 0.280253, 9.88633, 0.791071, 16.5378
1, -0.0366186, 0.124918, -0.297791, 9.13237, 15.1856, 8.66104
1, -0.26602, -0.06151, -0.200924, 13.2233, 14.5238, 11.5599
1, 0.689102, -0.0834887, -1.12862, 12.4639, 7.56226, 3.04096
1, -0.109867, 0.45033, 0.149334, 6.64294, 7.54491, 12.8221
1, 0.472901, 0.00211123, -0.0445502, 2.45005, 2.57613, 19.897
1, 0.0141762, -0.328741, -0.29661, 5.13327, 10.0604, 9.78365
1, -0.044525, 0.22103, 0.160911, 12.7923, 10.7958, 16.8947
1, 0.236417, 0.00438544, 0.240118, 6.47263, 6.06421, 18.2628
1, 0.00302091, -0.438369, 0.023334, 5.90143, 3.46318, 11.3638
1, -0.232472, -0.00433262, -0.05531, 11.2957, 3.07076, 0.157788
1, -0.607508, -0.135697, -0.478274, 5.33296, 2.97781, 12.7208
1, -0.207975, -0.34256, -0.375234, 13.1789, 15.0103, 5.67342
1, 0.803983, -0.0633011, 0.378795, 5.07676, 17.0244, 5.54603
1, -0.682932, -0.592027, 0.814983, 1.56762, 14.5541, 19.5914
1, 0.103682, -0.622262, 0.396314, 6.77307, 0.43305, 3.80623
1, -0.22429, 0.274926, -0.195281, 3.427, 12.7354, 17.6831
1, 0.226761, -0.633625, 0.0521948, 6.9396, 13.5586, 1.72166
1, 0.573189, -0.0316248, 0.058167, 0.683131, 14.0485, 15.9635
1, 0.088792, -0.384441, -0.16325, 11.0284, 9.18995, 5.55581
1, -0.0545964, -0.0184852, -0.354342, 5.74953, 5.447, 18.9699
1, -0.187377, 0.0247095, 0.000513329, 15.9975, 7.88015, 16.0954
1, 0.0429965, -0.0687245, 0.194806, 18.4047, 1.28559, 7.88234
1, -0.223472, 0.218695, 0.257406, 2.02634, 1.07886, 4.354
1, 0.216503, -0.0369934, -0.0244746, 13.0209, 15.3906, 16.7243
1, -0.0660593, -0.158036, 0.0242871, 18.0359, 18.3073, 17.4223
1, -0.915096, -0.0883612, -0.415779, 19.0084, 0.318484, 7.2391
1, -0.0639451, 0.13055, 0.20216, 17.3966, 4.41568, 0.714333
1, -0.131858, 0.149568, 0.124369, 2.7375, 15.4198, 13.0827
1, 0.0914461, -0.075776, -0.374626, 17.6725, 6.26538, 12.4422
1, 0.125861, 0.0642823, 0.212254, 1.03465, 18.9867, 8.07733
1, -0.312441, 0.115151, -0.0518644, 1.08844, 0.148011, 19.973
1, 0.0469076, 0.226821, 0.148247, 11.3225, 3.38254, 4.52733
1, -0.593305, 0.330014, -0.0533034, 1.36971, 19.6915, 7.34438
1, -0.0195803, -0.139416, 0.00780292, 2.64238, 9.43682, 7.62308
1, -0.0668805, 0.526803, 0.187016, 12.9606, 15.7504, 12.3731
1, 0.18051, -0.732259, -0.423601, 11.3627, 11.2016, 12.0999
1, 0.291532, -0.102546, 0.232943, 16.3995, 14.0384, 4.92273
1, -0.225745, -0.39487, -0.219412, 3.46058, 0.103114, 3.54047
1, 0.0761064, -0.0567509, 0.0683823, 15.0565, 18.1345, 13.4462
1, 0.0111437, -0.986589, 0.229537, 16.54, 19.4222, 15.2999
1, -0.0917895, 0.153326, -0.203732, 19.945, 14.0477, 5.78932
1, -0.102439, 0.0462954, -0.011487, 1.6054, 1.46989, 10.5718
1, -0.338484, 0.342394, 0.555356, 14.5666, 0.77656, 9.60342
1, -0.6533, 0.515858, -0.661104, 13.9551, 6.41083, 1.4839
1, 0.0055229, -0.0085582, 0.530902, 10.7725, 5.60071, 9.64883
1, -0.31492, 0.0168419, -0.0697894, 13.2416, 1.86262, 1.68525
1, 0.425216, -0.292279, -0.419511, 9.92545, 5.78144, 17.6554
1, 0.596216, 0.53305, 0.246888, 0.648133, 13.7386, 12.8088
1, -0.201752, 0.448979, -0.464804, 2.53381, 4.13401, 4.90565
1, 0.152378, 0.120189, -0.0720038, 0.83333, 2.22924, 19.8771
1, 0.218043, -0.151992, 0.127986, 14.0373, 1.84335, 14.7507
1, -0.060521, -0.00710839, 0.473092, 1.29349, 1.63724, 4.40387
1, -0.0748462, -0.412567, -0.433354, 17.3238, 1.50899, 6.62273
1, -0.171529, 0.402941, 0.0668269, 15.8515, 19.2036, 17.1509
1, -0.46278, -0.0756494, -0.00852644, 17.1944, 18.9897, 7.6493
1, 0.299506, -0.0955964, 0.0647949, 19.888, 15.5301, 17.8461
1, -0.0575519, 0.049725, -0.276739, 14.817, 16.1548, 3.99488
1, 0.435117, -0.196075, 0.138696, 0.0732987, 12.9774, 0.885425
1, -0.028311, 0.219118, -0.0051678, 0.0446533, 3.71402, 12.6857
1, 0.0143113, -0.188591, -0.635451, 14.0964, 3.34386, 6.21878
1, 0.433118, 0.197584, -0.102656, 11.0197, 8.93886, 0.575556
1, -0.42181, -0.0544351, 0.0379728, 17.9182, 12.72, 14.9596
1, 0.00339389, -0.240936, 0.00437283, 2.97836, 10.339, 6.35487
1, 0.267232, -0.0594367, -0.38327, 6.99433, 1.19827, 15.8882
1, -0.145917, 0.165701, 0.0433172, 4.65785, 13.4251, 9.57075
1, 0.180464, -0.0911617, -0.322929, 3.1802, 15.4552, 9.18923
1, 0.228825, -0.00255679, -0.0616555, 19.7669, 8.86049, 1.06746
1, 0.0979631, 0.540272, -0.535535, 5.59647, 12.6841, 11.0847
1, -0.319936, 0.592428, 0.455674, 8.85258, 1.681, 19.5235
1, 0.394785, 0.173289, 0.0577971, 5.85986, 18.8452, 15.0721
1, -0.117825, 0.0169429, 0.125536, 2.42255, 19.1003, 17.7054
1, -0.0470888, 0.0518105, -0.0671365, 10.3325, 19.4192, 2.43128
1, 0.100867, 0.398434, 0.484047, 10.3046, 4.32455, 11.9095
1, 0.683191, -0.164401, 0.259274, 17.3503, 4.3069, 14.5046
1, 0.0796623, -0.230854, -0.0196277, 16.3589, 9.3032, 0.203901
1, -0.175646, -0.417317, -0.189937, 8.68885, 4.68361, 0.294827
1, 0.212653, -0.903171, 0.497865, 13.1747, 4.2924, 7.24998
1, -0.14935, 0.13732, -0.433911, 13.5341, 6.22122, 4.07243
1, -0.144568, -0.642021, 0.78844, 5.04162, 17.2949, 11.4539
1, -0.792431, 0.348293, 0.250092, 18.9337, 6.78138, 10.7627
1, -0.122176, 0.0182416, -0.029484, 16.3595, 4.6852, 16.1168
1, -0.369015, -0.37261, -0.124543, 3.75145, 13.5929, 8.78323
1, -0.411337, -0.225158, 0.231592, 0.816664, 12.2532, 7.47184
1, -0.199861, 0.0993673, -0.135287, 5.32647, 18.0992, 15.9443
1, 0.0228231, 0.0499176, -0.0153732, 17.1486, 2.74799, 10.385
1, -0.0624909, -0.355173, 0.016378, 9.36232, 8.37348, 2.2895
1, -0.0270567, -0.313133, -0.418025, 3.89888, 4.63041, 16.4631
1, -0.307095, 0.107462, -0.279617, 13.233, 14.976, 4.73755
1, 0.0265323, -0.0174575, -0.325454, 4.61567, 4.80862, 8.1737
1, -0.00735116, 0.270869, -1.1844, 4.72913, 4.82903, 9.15117
1, 0.168526, -0.25967, -0.189577, 6.53282, 11.0305, 1.3937
1, -0.48734, 0.377338, 0.115083, 14.2802, 1.58552, 7.79306
1, 0.182942, -0.0807479, -0.365925, 19.184, 1.66048, 13.0664
1, 0.483458, 0.365485, -0.904771, 14.7227, 8.77418, 2.89442
1, 0.0225362, -0.121564, 0.0290387, 13.0969, 19.9602, 11.941
1, -0.41517, -0.0745993, -0.106272, 9.62067, 2.749, 9.24843
1, -0.124157, 0.00614082, -0.131561, 8.54814, 6.96066, 15.5427
1, 0.280504, -0.680066, 0.0703473, 9.71662, 10.0758, 5.82521
1, -0.541834, -0.1901, 0.139855, 15.6865, 8.76236, 2.6791
1, -0.915905, 0.121118, 0.311566, 5.73232, 10.7813, 8.8695
1, 0.0569081, 0.0825226, -0.281696, 16.7768, 15.6581, 3.43317
1, -0.0330505, 0.30788, -0.24524, 18.5885, 10.8848, 0.124226
1, -0.200978, 0.279979, 0.318088, 16.0909, 15.4865, 9.3179
1, -0.00685529, 0.176911, 0.215631, 5.93258, 7.86887, 18.6681
1, -0.291165, 0.565074, 0.120512, 0.702321, 0.963217, 17.972
1, 0.337408, 0.65066, 0.163702, 3.92742, 1.23185, 14.2746
1, 1.00762, -0.351767, 0.436318, 2.90566, 11.9324, 0.597664
1, 0.448352, -0.191455, 0.391089, 1.3406, 6.63814, 6.14365
1, -0.19205, -0.129859, 0.195097, 19.1513, 4.48691, 12.63
1, -0.204676, 0.0720799, -0.00103137, 5.39208, 1.06654, 17.2583
1, 0.101629, -0.659174, 0.289293, 7.49247, 0.334591, 8.94019
1, 0.197334, 0.133928, -0.286795, 5.50098, 11.4397, 1.90131
1, 0.397131, 0.244176, 0.133752, 14.1511, 4.10968, 10.968
1, 0.0744271, -0.0463589, 0.283761, 12.0808, 0.216464, 8.35528
1, 0.0466579, 0.0705868, 0.182323, 9.72601, 8.46288, 5.55737
1, -0.354798, 0.194493, -0.38571, 19.79, 2.30359, 11.0753
1, 0.0336761, -0.0179451, -0.0198216, 18.2371, 0.515348, 14.2131
1, 0.447633, -0.107095, 0.291857, 17.2599, 15.5024, 13.9097
1, -0.254081, -0.378632, 0.146703, 7.56842, 3.20276, 1.17583
1, -0.388285, -0.533837, -0.873658, 4.71733, 8.16741, 11.7776
1, -0.0839317, 0.281724, -0.18438, 8.243, 17.0336, 3.15765
1, -0.194449, 0.2348, 0.552467, 6.41367, 3.22926, 0.3831
1, -0.128589, 0.324492, -0.0370229, 19.5535, 10.8076, 15.8427
1, -0.47841, 0.0442701, 0.542945, 17.6253, 4.76152, 5.86392
1, 0.0831052, 0.566758, -0.504032, 1.01275, 6.0064, 7.85825
1, -0.0999724, 0.0144019, -0.0201768, 12.126, 13.2677, 7.76037
1, -0.443238, -0.461569, 0.148806, 7.41355, 3.08367, 8.25559
1, 0.221949, -0.182907, 0.0283706, 9.71898, 7.26153, 11.5121
1, -0.646985, -0.368778, -0.0209524, 0.928821, 18.625, 12.0816
1, 0.11921, -0.0490809, -0.362774, 7.72493, 9.76381, 15.2916
1, 0.503795, 0.0125117, -0.132192, 18.8072, 6.08672, 18.8284
1, 0.188097, 0.160076, -0.161308, 1.27151, 12.1884, 9.43935
1, -0.197649, -0.160342, -0.31504, 12.6497, 12.3912, 14.3387
1, 0.133179, 0.237743, 0.083466, 3.58616, 7.05162, 0.159246
1, -0.151006, 0.500219, -0.381558, 4.28723, 4.44117, 19.4882
1, 0.307695, 0.0396226, -0.467413, 10.3136, 19.4842, 11.6972
1, 0.0408465, -0.306787, -0.245434, 19.1688, 17.1956, 3.63779
1, -0.0961043, 0.316726, -0.219221, 2.75578, 16.8531, 19.3651
1, 0.0300278, -0.0382031, 0.00631296, 8.53557, 15.2743, 12.7513
1, -0.366948, 0.0241968, 0.444627, 4.15386, 15.113, 13.8647
1, 0.196798, 0.153761, 0.257894, 17.1773, 19.0903, 0.863508
1, -0.791003, 0.225784, 0.0257982, 17.0537, 16.2044, 6.64322
1, 0.161098, 0.579214, -0.553216, 7.55388, 19.8479, 1.53061
1, 0.0494606, 0.143223, -0.0411079, 16.8366, 15.3792, 17.6519
1, -0.0658979, 0.658364, 0.0988697, 15.9517, 7.43118, 1.36108
1, 0.0455319, 0.0273522, -0.0142723, 2.07196, 6.31406, 19.5052
1, -0.210671, 0.362275, 0.255842, 8.91182, 13.1936, 2.5458
1, 0.0837732, 0.348659, 0.216749, 3.07244, 16.127, 4.91145
1, -0.368894, 0.079592, 0.177402, 6.9431, 11.2018, 17.0909
1, -0.223269, 0.203709, -0.0733118, 17.5718, 14.5101, 4.18422
1, 0.214569, -0.0244444, 0.0699411, 10.181, 4.36626, 9.30363
1, -0.241918, -0.087164, 0.0718825, 7.00438, 3.97208, 7.96269
1, -0.67849, -0.541362, -0.0933092, 5.06637, 8.41241, 10.5439
1, 0.0505727, 0.243419, 0.0566969, 12.5314, 6.03158, 0.482957
1, -0.659444, -1.00644, 0.349593, 12.2363, 0.764159, 15.73
1, -0.0685432, -0.0137073, 0.623091, 6.49489, 18.0452, 8.22398
1, -0.168315, 0.0181662, -0.709071, 7.56073, 17.4221, 3.99214
1, 0.114106, 0.157251, 0.174278, 16.5377, 2.50119, 12.0235
1, -0.305467, 0.604105, 0.450241, 5.31561, 12.3628, 13.2673
1, -0.296396, 0.358038, 0.68644, 0.18008, 0.736088, 0.12666
1, -0.0891596, -0.142068, -0.0206976, 8.08975, 11.1026, 3.51129
1, -0.0329542, -0.205921, 0.259614, 7.87034, 6.65829, 14.4842
1, 0.00237379, 0.285542, -0.333438, 19.5267, 8.63806, 16.7036
1, -0.415247, -0.0760096, 0.0491663, 16.9734, 14.7194, 1.29241
1, -0.231422, -0.0475175, -0.256879, 4.49133, 10.1545, 5.4786
1, 0.192783, 0.409551, 0.52474, 10.8541, 3.53275, 1.59899
1, 0.125519, -0.116625, 0.136398, 1.5697, 9.28443, 14.4458
1, -0.517376, -0.239076, -0.270787, 11.2838, 15.0472, 2.84602
1, -0.288301, -0.378878, -0.0813824, 10.7183, 0.60385, 12.0342
1, 0.139743, 0.22418, 0.0507588, 4.97462, 13.2952, 5.48432
1, -0.117571, -0.64564, 0.802929, 2.64458, 15.7026, 2.23065
1, 0.64907, -0.164059, -0.370159, 8.55211, 12.2056, 18.1292
1, 0.0378085, -0.112577, -0.120241, 17.2938, 5.78397, 11.6252
1, 0.0232789, 0.319909, -0.0523584, 13.8585, 1.87656, 2.81476
1, -0.160667, 0.205383, -0.115016, 17.1999, 4.01109, 0.533085
1, -0.102921, -0.408778, 0.616698, 1.09053, 15.2529, 8.52525
1, -0.751598, -0.688821, -0.106071, 3.61493, 0.487847, 5.34243
1, 0.189821, 0.818016, -0.215653, 12.3779, 6.55581, 13.9829
1, 0.199209, 0.248899, -0.109242, 7.10662, 18.8439, 19.5565
1, 0.20687, 0.0696197, -0.542755, 17.1367, 19.2402, 9.16274
1, -0.342422, 0.288309, 0.215949, 1.5764, 18.6726, 10.5772
1, -0.409673, -0.681774, -0.0506024, 9.64892, 3.77197, 0.299662
1, -0.340878, 0.0258255, -0.0280096, 17.1262, 10.3064, 11.2098
1, -0.381906, 0.430462, -0.143175, 3.36393, 15.4003, 1.28686
1, 0.183165, -0.172148, -0.158192, 0.0145432, 6.6574, 8.09837
1, -0.449173, 0.208009, -0.00111448, 13.7516, 3.46023, 18.0443
1, -0.119065, -0.205481, 0.0678962, 0.735133, 5.33817, 6.58204
1, -0.225842, 0.941639, -0.22877, 0.113797, 0.332117, 15.8136
1, -0.22689, 0.268978, 0.161061, 12.7307, 0.184185, 16.4777
1, 0.147468, 0.227313, -0.385257, 3.56346, 1.24968, 2.84921
1, 0.0825395, 0.0430419, 0.245975, 0.158277, 12.2662, 6.39581
1, -0.163242, 0.00828826, -0.106341, 5.4877, 18.4894, 14.3873
1, -0.726168, -0.291174, 0.34978, 11.24, 12.5185, 16.2796
1, -0.0969761, -0.288913, 0.157397, 12.8233, 1.78936, 6.55868
1, -0.110765, -0.326445, -0.0137665, 5.53704, 19.7853, 5.75795
1, 0.16815, -0.629039, -0.999643, 2.41909, 10.1705, 15.2026
1, -0.0797832, -0.22621, 0.171723, 8.24925, 16.4015, 12.1641
1, 0.10657, -0.298311, -0.0959898, 15.4511, 6.02524, 12.1338
1, 0.0689858, -0.424403, -0.136102, 3.30275, 11.671, 16.8768
1, 0.509979, 0.261694, -0.106427, 12.3318, 17.4101, 13.7547
1, -0.00948842, -0.191003, -0.0738444, 5.23706, 3.85973, 18.8676
1, 0.146701, -0.244766, 0.499193, 16.6593, 8.69124, 11.5309
1, 0.129944, -0.0925929, -0.354771, 1.39782, 16.3922, 11.2273
1, 0.306048, 0.160732, 0.0807783, 17.7051, 10.3465, 16.6971
1, 0.464526, 0.145171, -0.0175909, 5.0287, 1.62522, 10.1234
1, -0.0421024, 0.0455423, 0.0745807, 13.5076, 1.47495, 6.71466
1, 0.13658, -0.0669537, 0.537907, 13.4985, 18.7457, 4.24001
1, -0.252781, 0.349812, 0.11637, 18.7486, 17.7249, 17.1058
1, 0.523053, 0.498345, 0.504212, 0.420618, 9.54089, 3.4138
1, 1.01434, 0.302421, -0.23851, 19.9789, 14.6575, 4.57362
1, 0.0522685, -0.904262, 0.59369, 12.4903, 11.043, 19.0309
1, 0.55849, 0.0428496, -0.713374, 13.6765, 14.4905, 9.78322
1, -0.0824879, 6.91645e-05, -0.247622, 17.9015, 13.4236, 4.23479
1, -0.171344, -0.20656, 0.26761, 0.457712, 9.75303, 5.82824
1, 0.0418145, 0.769588, -0.0206732, 6.17203, 17.2605, 19.1514
1, -0.0158146, 0.420618, -0.00847094, 13.8322, 11.5128, 16.8806
1, -0.0639991, -0.0367239, -0.324722, 9.93679, 9.18005, 17.79
1, 0.576939, -0.632006, -0.294506, 6.67407, 2.77031, 0.183843
1, -0.278681, -0.0622249, -0.330808, 11.2296, 4.24822, 19.6515
1, 0.196171, 0.386352, -0.461452, 4.42257, 12.5945, 13.8944
1, 0.0874793, -0.174517, 0.0800768, 4.31856, 15.3082, 5.87602
1, 0.163987, -0.350745, 0.314782, 7.1898, 13.681, 0.529698
1, 0.663008, 0.0650156, 0.315219, 15.4698, 6.11316, 9.92958
1, 0.235159, 0.0946056, -0.0278395, 11.1388, 19.0428, 11.6921
1, -0.0250096, -0.0658162, -0.00915141, 11.047, 7.18185, 0.635545
1, -0.067649, -0.245524, 0.127932, 1.49261, 1.04627, 7.25376
1, 0.0936477, -0.447279, -0.27043, 9.96561, 14.7129, 0.550701
1, -0.105911, 1.00496, 0.171666, 11.8052, 12.6238, 5.27994
1, -0.0814791, -0.0459532, -0.435057, 16.2445, 8.18317, 11.1466
1, -0.153127, 0.125794, 0.447045, 15.8564, 8.43457, 13.0656
1, -0.231878, 0.0169233, 0.0153289, 9.02348, 4.99363, 8.02685
1, 0.222415, 0.421481, 0.455155, 7.49544, 3.1672, 13.5392
1, 0.25589, -0.179847, -0.1143, 4.6673, 16.8017, 18.8027
1, -0.246744, -0.543201, 0.122193, 19.7208, 8.2532, 4.94066
1, -0.0950468, 0.0719405, 0.323752, 11.5284, 15.536, 16.9192
1, 0.614589, -0.101477, 0.0105803, 12.4982, 12.6971, 15.4677
1, -0.140535, -0.150494, -0.104701, 6.53681, 5.46962, 14.7541
1, -0.158519, -0.00753866, 0.385621, 11.7909, 10.9045, 3.26673
1, -0.445521, 0.0946499, -0.276842, 18.905, 12.9473, 1.59193
1, 0.199669, 0.2424, -0.189904, 14.9526, 4.90687, 14.3717
1, 0.23446, 0.0459051, -0.485389, 16.4225, 12.0134, 3.79968
1, -0.299732, 0.170189, -0.424742, 8.96536, 9.19242, 3.06881
1, 0.296489, -0.252833, 0.231038, 6.25152, 10.7615, 10.5216
1, -0.0620981, -0.0244698, -0.320116, 16.1129, 2.54317, 1.54949
1, 0.0652552, -0.232328, 0.297413, 4.94208, 17.1538, 2.32871
1, -0.445032, -0.23779, -0.0206628, 9.61523, 18.1891, 19.9117
1, 0.133514, -0.187524, 0.190813, 10.0549, 7.05746, 6.78103
1, 0.0997112, 0.500718, -0.113439, 1.42844, 2.72862, 16.8723
1, 0.0316375, -0.300474, 0.922798, 0.994807, 9.56248, 12.5559
1, -0.0737363, -0.170276, -0.0231957, 4.21995, 11.7867, 15.6196
1, 0.137471, 0.00610747, -0.292222, 2.75272, 11.2193, 14.7562
1, -0.834611, 0.237456, 0.183871, 12.3517, 6.36713, 10.2113
1, 0.255463, 1.20475, -0.152999, 0.593369, 3.51353, 4.03081
1, 0.0169078, -0.121056, -0.0661852, 19.685, 13.2743, 12.0133
1, 0.36528, 0.43137, -0.397456, 7.16827, 5.01962, 9.0041
1, 0.225371, 0.0258301, 0.102673, 0.510159, 5.27746, 4.21081
1, -0.246671, 0.249441, -0.0115518, 5.96936, 14.2736, 9.23644
1, -0.279691, -0.196109, 0.434883, 10.4071, 4.84537, 2.34239
1, -0.088723, 0.0777703, -0.381157, 15.1051, 9.99559, 3.40322
1, 0.305213, 0.343196, 0.812127, 2.69225, 19.9539, 19.1606
1, 0.104262, -0.109338, 0.106769, 18.7619, 3.72265, 6.26784
1, 0.244148, -0.380274, 0.0315, 5.69223, 6.66181, 8.20867
1, -0.574396, 0.26849, 0.0793946, 8.02573, 10.9369, 11.3643
1, 0.0209915, -0.19541, 0.135998, 3.93238, 16.3896, 8.158
1, -0.449312, -0.528003, 0.409093, 15.9447, 15.4686, 1.7856
1, 0.137537, -0.120164, 0.14144, 9.37121, 9.83373, 6.37091
1, 0.225711, -0.155945, -0.113775, 9.30271, 10.2342, 18.4359
1, -0.2269, 0.00351734, 0.00572754, 0.475307, 10.2689, 15.678
1, -0.481225, -0.572512, 0.328848, 10.9299, 2.95688, 6.37044
1, 0.700874, 0.0829208, 0.391343, 6.37714, 7.91708, 7.03439
1, 0.375718, -0.18414, -0.472323, 18.9339, 5.62971, 1.08857
1, -0.130246, 0.245579, 0.318835, 12.4124, 18.5387, 5.51647
1, 0.217885, -0.0424061, 0.13345, 10.3612, 15.3935, 15.6633
1, -0.199962, 0.0267565, -0.046348, 18.0251, 15.1655, 15.3708
1, 0.442358, 0.0193047, 0.423929, 10.9041, 19.4421, 13.5532
1, -0.87163, 0.810761, 0.125445, 6.26294, 2.44152, 19.7728
1, -0.59805, -0.557361, 0.624921, 12.8409, 10.7678, 16.9486
1, -0.403138, 0.0460806, 0.342516, 5.0464, 17.4986, 4.68133
1, -0.0497521, 0.0732841, -0.440176, 6.96839, 14.8303, 6.66834
1, 0.298496, -0.899535, -1.048, 0.130469, 6.4257, 11.5215
1, -0.143626, -0.33524, -0.110213, 19.2716, 5.20858, 14.8285
1, -0.334504, -0.374045, 0.545233, 1.59337, 3.07732, 14.3619
1, 0.859122, 0.435831, -0.121663, 10.8925, 9.51052, 3.53811
1, 0.212249, 0.0961966, -0.146019, 4.63949, 8.89426, 15.6308
1, -0.0727353, 0.445698, 0.197767, 6.89793, 14.8427, 7.65851
1, 0.238667, -0.0894626, -0.0329187, 19.1292, 7.20993, 0.377832
1, -0.4529, -0.364265, 0.416434, 2.99583, 10.4061, 13.6635
1, 0.212218, 0.249295, 0.114999, 15.38, 2.33192, 3.65118
1, 0.0282888, -0.200816, 0.35978, 13.6214, 3.00191, 4.90806
1, 0.328717, 0.0115187, 0.0635412, 1.14197, 3.07052, 14.4534
1, -0.111284, -0.0443489, -0.066468, 7.32039, 17.2184, 13.6546
1, -0.38835, 0.171928, -0.490741, 8.12951, 19.6788, 17.9611
1, 0.310507, 0.0181173, -0.321039, 17.9812, 1.14082, 10.5725
1, 0.135377, 0.562518, -0.24161, 0.295748, 15.2203, 3.81483
1, 0.0640988, -0.0381849, -0.220731, 16.2024, 2.04125, 2.70464
1, 0.157717, 0.0204028, -0.248463, 19.3818, 8.18422, 3.90326
1, 0.25969, 0.120921, -0.0856764, 14.894, 11.8139, 3.47297
1, -0.212471, 0.281784, 0.00795008, 3.4319, 11.3031, 14.0427
1, 0.300015, -0.294889, 0.207346, 11.2278, 15.172, 17.0793
1, 0.291293, -0.0568472, -0.789028, 15.1175, 3.02966, 6.56565
1, -0.268926, -0.464747, -0.00762099, 14.6288, 1.05887, 11.9635
1, -0.1178, -0.0363607, -0.0906099, 15.5698, 10.3479, 10.663
1, 0.211612, 0.0341988, 0.236245, 2.68397, 10.9377, 3.39569
1, -0.150931, -0.0298474, -0.0875098, 12.3002, 5.35923, 1.90413
1, -0.148516, 0.288347, -0.829868, 2.67995, 18.8668, 9.08904
1, -0.212606, 0.600494, -0.430774, 9.46099, 6.25875, 6.56555
1, -0.191906, 0.0148331, 0.539704, 5.9675, 11.7996, 9.69394
1, 0.637632, -0.478794, -0.90877, 11.204, 5.38711, 5.40863
1, 0.068138, -0.152441, -0.00283452, 0.380507, 5.81346, 7.54461
1, -0.138562, 0.857111, 0.0910474, 19.8188, 9.96136, 0.977444
1, 0.378961, -0.4291, 0.0866179, 15.9414, 7.38723, 8.32153
1, -0.231054, 0.359873, 0.0677847, 5.47064, 5.35025, 0.408608
1, 0.0947231, 0.0546805, 0.392029, 7.59434, 9.94422, 11.9036
1, 0.0246174, 0.262791, 0.0964158, 3.69894, 2.64603, 17.125
1, -0.443385, -0.0933249, -0.280695, 12.7768, 18.4577, 7.05007
1, -0.214246, -0.0617737, 0.00339657, 12.936, 1.29346, 19.9414
1, -0.527785, 0.293179, -0.310693, 3.73199, 13.2611, 9.94147
1, 0.085722, -0.061746, 0.168642, 15.838, 13.9222, 2.13727
1, 0.521094, -0.502881, -0.369514, 3.84078, 19.568, 6.77317
1, 0.333285, 0.00757138, -0.0330009, 8.16072, 15.2624, 11.9865
1, 0.00763767, -0.0277246, -0.231219, 4.37363, 15.0489, 17.3221
1, 0.172461, 0.244341, -0.555622, 19.8007, 2.2655, 12.4304
1, 0.0890643, -0.136279, -0.191041, 3.22454, 0.959605, 15.4283
1, -0.108179, 0.0314492, -0.106458, 18.6713, 1.5459, 13.1832
1, 0.00282624, 0.0072239, 0.0504066, 18.3028, 16.2586, 3.24166
1, -0.0703255, -0.286783, -0.224612, 17.045, 1.20776, 17.7248
1, 0.209418, -0.0174787, 0.0959146, 6.61517, 7.60732, 3.48937
1, 0.213169, -0.524097, -0.0370147, 13.6068, 3.23729, 12.6456
1, -0.122644, 0.20372, 0.289968, 0.0475977, 7.18035, 9.49778
1, -0.588964, -0.399387, 1.18121, 17.6144, 16.2632, 8.15585
1, -0.100136, -0.442225, 0.239956, 18.7855, 18.2425, 16.6449
1, -0.178913, 0.00633426, -0.13629, 0.787435, 14.3646, 10.8105
1, 0.10634, -0.062318, -0.349927, 18.4051, 0.173976, 17.2782
1, 0.027347, -0.0564158, 0.0817214, 16.2704, 12.8522, 3.93609
1, -0.505278, -0.0941171, -0.125207, 16.6139, 14.826, 2.76045
1, -0.311869, 0.252482, -0.162726, 13.1647, 9.53654, 2.69067
1, -0.11713, -0.0977851, 0.148619, 2.72413, 1.64637, 15.0729
1, -0.26138, -0.364512, -0.343564, 7.16098, 0.754361, 2.55676
1, 0.543535, 0.413302, 0.358039, 10.1334, 4.99149, 4.67643
1, 0.423428, 0.623378, 0.386675, 12.7273, 19.3502, 16.8561
1, -0.195795, -0.32714, -0.651666, 8.0849, 7.56526, 5.06555
1, -0.0297076, -1.14602, -0.170393, 15.2206, 2.76343, 11.7015
1, 0.146213, 0.0536114, -0.0199143, 5.17929, 19.2441, 11.0941
1, 0.0529782, -0.137357, -0.222745, 10.7508, 6.1452, 13.8436
1, -0.0183733, 0.146808, -0.202758, 4.66703, 0.55595, 18.6208
1, 0.505849, -0.534573, -0.377197, 0.616783, 3.94043, 11.5526
1, 0.195786, -0.0782158, 0.0513707, 6.82406, 0.795885, 15.341
1, -0.100924, 0.302818, 0.466198, 10.1499, 13.8654, 2.65558
1, -0.375643, -0.674221, -0.143327, 15.3589, 11.6305, 12.8875
1, -0.124152, -0.810177, 0.866861, 0.721806, 14.9275, 7.56937
1, -0.0947206, 0.149631, 0.0260689, 7.50894, 12.999, 3.27968
1, -0.375149, 0.0678787, 0.196715, 12.0467, 15.9823, 3.90781
1, -0.968781, -0.00245764, -0.841158, 11.1585, 14.4948, 2.6631
1, 0.148918, -0.100576, 0.0647211, 16.1612, 19.2024, 5.75009
1, 0.125704, -0.108778, -0.12995, 4.44327, 5.31336, 7.64948
1, 0.238603, -0.11574, 0.0727857, 2.83944, 4.70482, 15.958
1, -0.926825, -0.0915414, 0.147864, 19.5038, 9.42163, 5.04449
1, 0.181514, -0.258297, 0.123518, 3.84775, 18.9743, 14.8235
1, 0.202915, -0.50903, 0.279176, 11.1874, 9.10038, 6.21687
1, -0.15035, -0.261125, -0.461313, 19.635, 14.9416, 9.53766
1, -0.430825, -0.231781, 0.447478, 18.9299, 7.9994, 15.6942
1, 0.660454, 0.17427, 0.34, 11.4928, 7.0671, 4.18291
1, 0.111316, 0.448328, 0.213757, 1.21896, 2.3561, 14.777
1, -0.407419, -0.26254, 0.478376, 13.5183, 1.28774, 2.07278
1, -0.0167494, 0.0435429, -0.0587237, 2.90199, 18.3248, 18.2537
1, -0.0844284, -0.486328, 0.294927, 9.73782, 9.66696, 15.0805
1, 0.0407102, -0.0147335, -0.177805, 12.4261, 18.7264, 11.542
1, -0.480019, -0.228256, 0.0396219, 16.4361, 7.56951, 13.7127
1, -0.509607, 0.135867, 0.545822, 2.64602, 16.634, 6.93856
1, 0.335995, 0.0866028, 0.721947, 17.3293, 3.30043, 15.6244
1, -0.0194733, -0.19619, 0.358345, 18.6734, 7.62081, 12.4889
1, 0.403857, -0.213101, -0.339483, 11.7014, 2.11875, 6.40587
1, -0.222539, -0.174601, 0.0837625, 14.0183, 4.20565, 6.12802
1, -0.310652, -0.365699, -0.334641, 14.5999, 16.8973, 13.4462
1, -0.19865, -0.0247433, 0.0336906, 9.26692, 7.62063, 3.13091
1, 0.008963, -0.0114843, -0.0592349, 11.8811, 9.51315, 14.1066
1, -0.0203059, 0.0509902, 0.0750778, 18.0728, 17.9916, 18.8743
1, -0.118354, -0.0394531, 0.00779003, 16.14, 8.88985, 18.5166
1, -0.587954, -0.0730551, -0.16492, 6.29186, 3.06779, 2.58066
1, -0.920594, -0.124263, 0.173465, 12.0555, 2.01491, 14.5869
1, -0.708114, -0.300078, -0.223894, 15.0179, 4.81471, 11.4189
1, 0.00387314, 0.220674, 0.0681841, 19.4083, 5.89442, 18.7288
1, -0.155296, 0.0719936, -0.0752929, 14.3832, 5.45025, 9.98687
1, -0.228888, 0.403121, -0.195225, 19.5794, 10.1923, 15.7012
1, 0.0246969, -0.457397, 0.702922, 4.67175, 1.4864, 5.56876
1, -0.00588836, 0.60298, -0.0694917, 12.0499, 12.6405, 1.9686
1, -0.266267, -0.153083, -0.165736, 16.0332, 2.99203, 7.77969
1, -0.287262, -0.761063, -0.29409, 1.8347, 4.28894, 5.41009
1, -0.274692, -0.349168, -0.361877, 8.0238, 11.8311, 16.765
1, -0.24318, 0.301564, -0.131163, 12.1742, 11.1589, 12.9702
1, -0.333561, 0.109811, 0.074564, 4.99141, 16.9036, 13.1731
1, -0.405662, -0.155683, -0.154019, 15.5575, 2.78881, 15.7795
1, -0.197506, -0.335046, -0.251206, 9.54147, 6.39615, 12.7889
1, -0.332876, -0.0309758, 0.407385, 2.18002, 11.5454, 13.1819
1, 0.187926, -0.235845, 0.126453, 14.7435, 16.0728, 18.3468
1, 0.0437413, 0.0986995, -0.0546453, 14.9109, 7.98796, 6.60631
1, 0.146054, -0.492177, -0.194501, 11.4216, 18.4564, 0.0837649
1, -0.345606, 0.00390463, 0.471981, 7.91928, 5.34163, 2.63062
1, 0.363238, 0.291871, 1.14156, 8.68998, 1.04069, 1.92176
1, 0.158059, 0.597328, 0.0796579, 16.3245, 17.5346, 11.3833
1, -0.226973, -0.464247, 0.179353, 0.922799, 12.7758, 17.526
1, -0.179439, 0.0247621, -0.155915, 12.3946, 13.8808, 14.28
1, -0.0283941, -0.0991252, -0.0594052, 19.504, 19.4262, 18.2324
1, 0.318876, 0.0208487, -0.520773, 17.505, 1.92161, 1.9733
1, -0.00491339, 0.0858534, -0.0403738, 7.13808, 2.10279, 5.21425
1, 0.0564363, -0.22313, 0.246164, 1.64142, 6.68796, 10.3099
1, 0.586208, -0.292396, 0.200226, 13.3002, 18.6165, 11.2209
1, -0.604485, -0.248271, -0.044548, 17.7867, 12.3974, 15.0614
1, 0.153749, 0.0485861, 0.0506116, 4.01239, 7.94882, 5.53378
1, -0.651603, -0.423001, -0.799818, 18.7205, 7.03421, 16.7871
1, -0.267931, 0.265978, -0.909777, 4.04225, 14.1669, 18.4737
1, -0.331874, -0.478006, 0.397989, 12.9474, 2.74673, 6.38577
1, 0.666383, -0.119912, 0.446403, 9.79994, 18.2049, 19.7014
1, -0.0900802, -0.302094, 0.0605437, 8.71009, 12.1591, 5.23931
1, 0.089666, 0.0488524, 0.08522, 8.9208, 7.5199, 11.1714
1, -0.250964, 0.00367291, -0.00218148, 16.5274, 10.3512, 16.7633
1, -0.260555, 0.0487895, -0.0563195, 15.1266, 17.1344, 2.30399
1, -0.556776, -0.902259, -1.1593, 17.3123, 17.6598, 4.53015
1, -0.0345468, 0.262658, 0.13863, 19.9295, 4.91122, 3.96412
1, -0.147863, 0.0628559, -0.417127, 16.0607, 9.29298, 1.13955
1, -0.203544, 0.294781, 0.146433, 18.2562, 19.4084, 18.6469
1, -0.156783, 0.122552, -0.539467, 5.41243, 3.52201, 1.66882
1, -0.146828, 0.0251311, 0.762587, 18.3921, 0.530755, 15.1573
1, -0.0419634, -0.0648643, 0.50715, 13.9194, 14.5113, 19.3978
1, 0.406516, 0.362009, -1.06831, 4.30162, 0.253585, 13.5331
1, 0.247646, -0.538226, -0.553809, 7.00769, 13.0144, 7.66576
1, 0.322052, -0.52267, 0.385646, 7.75299, 15.5814, 16.8084
1, -0.580516, 0.110325, 0.155404, 0.343032, 4.76572, 13.0138
1, 1.39367, 0.191869, -0.02257, 19.1052, 12.1997, 12.8607
1, 0.423595, -0.0146675, -0.196063, 4.10951, 1.81584, 10.1864
1, 0.254477, -0.74932, -0.334128, 5.03375, 12.68, 11.7866
1, -0.148202, -0.144477, 0.247975, 9.91452, 18.6843, 16.9056
1, 0.175251, -0.178981, 0.103412, 16.1519, 12.7911, 1.63893
1, -0.214144, 0.312479, -0.497116, 0.0668332, 14.5836, 16.0014
1, -0.0125187, 0.0581199, -0.192006, 7.45501, 16.533, 0.701564
1, 0.764105, -0.273555, 0.0744056, 18.385, 11.6214, 7.45857
1, -0.217585, 0.104758, 0.139727, 12.4214, 2.62702, 11.6849
1, -0.0770245, -0.145029, 0.200287, 12.7078, 1.75939, 19.9514
1, -0.0285253, -0.00774596, -0.0365419, 10.5633, 14.9868, 14.1062
1, 0.126609, 0.232892, 0.0319432, 7.67557, 7.60528, 5.02368
1, -0.0347995, -0.285028, 0.164648, 17.7134, 7.27368, 2.05828
1, -0.693385, 0.0226102, 0.49973, 19.8126, 1.45744, 2.83303
1, -0.257098, -0.499363, 0.0613374, 18.0698, 6.57606, 7.98867
1, -0.307289, -0.0987982, -0.0379158, 18.4264, 10.28, 10.5409
1, -0.0934027, 0.021758, -0.131801, 3.4567, 3.31291, 15.5869
1, -0.416088, 0.00851543, 0.026211, 17.9592, 6.9018, 7.03077
1, 0.0611016, -0.126868, -0.100499, 4.57639, 8.99089, 19.1241
1, 0.230366, -0.314832, -0.660379, 2.3079, 19.8914, 11.7728
1, 0.255431, -0.0700595, 0.413434, 7.17811, 7.46276, 5.67196
1, 0.0735361, -0.11556, -0.00272078, 0.830394, 4.27717, 8.15128
1, -0.113283, 0.0774373, -0.0630191, 11.4898, 7.91889, 11.6769
1, -0.0726082, 0.159396, -0.131461, 0.662171, 9.81134, 18.9954
1, 0.135967, -0.170515, -0.716546, 14.0183, 1.73576, 11.6223
1, -0.25139, -0.0623231, -7.10819e-05, 8.05116, 6.50461, 14.4448
1, -0.292602, 0.407933, 0.184932, 5.50543, 4.60079, 1.9905
1, -0.0247549, 0.0745863, 0.171887, 10.797, 19.0876, 8.54553
1, -0.171227, 0.476518, -0.172733, 5.25236, 6.1199, 12.2149
1, -0.0450037, -0.0035008, -0.173215, 18.4948, 9.43242, 14.4871
1, -0.13252, 0.336426, 0.0498117, 8.22641, 17.6686, 15.4006
1, 0.000872605, 0.463054, -0.457582, 16.9164, 4.4356, 19.0459
1, -0.38201, 0.078807, 0.264005, 8.66306, 12.7679, 2.16984
1, -0.223735, -0.0669573, -0.321042, 18.6165, 4.47162, 8.28763
1, 0.158141, 0.0173183, 0.112767, 15.1309, 17.7457, 8.74211
1, 0.531853, -0.177159, 0.237967, 7.77637, 14.4398, 19.7058
1, -0.0236782, 0.386464, 0.037491, 7.46631, 6.8829, 4.98405
1, -0.301314, -0.201967, 0.116535, 17.2888, 16.3704, 1.10048
1, 0.0910868, -0.264346, 0.312067, 5.87225, 14.9412, 13.9547
1, 0.070015, -0.455298, 0.123817, 10.1056, 17.3097, 5.92538
1, -0.555639, -0.0127468, 0.298771, 4.76006, 13.3554, 1.96912
1, -0.130867, -0.0962389, -0.183404, 4.26831, 1.08455, 0.813973
1, 0.314988, 0.133727, -0.209048, 6.54602, 16.707, 0.880029
1, -0.28613, -0.280361, -0.269844, 3.90736, 18.4672, 17.8434
1, -0.272019, 0.375144, 0.533968, 8.28254, 17.099, 12.7053
1, 0.436459, -0.246224, 0.402898, 6.223, 2.03755, 12.7204
1, -0.21795, -0.609513, -0.0692265, 6.22407, 13.5283, 9.59904
1, 0.0586288, 0.0127186, 0.0981117, 17.6076, 2.71341, 2.44918
1, -0.184266, -0.0369327, -0.0959315, 18.3148, 0.942522, 6.06414
1, -0.0311445, -0.206803, -0.123739, 7.24674, 17.1124, 9.96445
1, -0.391168, 0.208974, -0.0559171, 5.04598, 17.2508, 3.29043
1, 0.912541, -0.676116, -0.220874, 6.91531, 9.9224, 9.65004
1, -0.0416449, -0.451077, -0.257365, 4.6992, 14.6714, 14.0221
1, 0.789938, 0.173305, 0.0832615, 17.0776, 16.9767, 0.753375
1, 0.16016, 0.0772086, 0.127862, 4.2896, 7.28935, 16.6853
1, 0.412384, -0.498521, -0.0511514, 16.0013, 13.5868, 5.76487
1, -0.250457, -0.389565, 0.0857417, 17.6707, 2.0309, 18.9257
1, 0.016255, -0.0817003, 0.255777, 2.55969, 4.53835, 14.8983
1, 0.203287, -1.29144, -0.399437, 2.57461, 18.3399, 19.2511
1, 0.167034, -0.0361849, 0.00558557, 8.14484, 5.24878, 4.87277
1, -0.0209887, -0.206816, -0.0216256, 17.4729, 17.8203, 12.0212
1, 0.0936939, -0.742219, -0.567497, 13.9147, 6.02305, 19.3166
1, 0.332421, 0.202159, -0.501849, 4.77365, 13.2925, 10.7305
1, -0.0575732, -0.0145513, -0.162489, 3.04426, 19.0818, 17.9646
1, -0.0479486, 0.00128289, 0.282963, 19.7504, 5.85541, 12.7411
1, 0.479003, 0.176223, -0.0249618, 3.91453, 10.4522, 18.7501
1, 0.0411047, -0.178724, -0.56393, 10.0921, 17.12, 6.27693
1, 1.52788, -0.132623, 0.128545, 7.33848, 16.3534, 6.56965
1, -0.306311, 0.720443, -0.0149858, 11.8293, 6.15656, 12.6249
1, 0.0224108, 0.0805922, -0.1034, 1.77528, 7.81759, 4.5134
1, -0.327887, -0.101306, 0.522353, 12.3711, 7.44916, 12.1163
1, 0.222702, 0.325639, 0.0196983, 2.43345, 11.4105, 15.1759
1, 0.159749, -0.00521383, 0.166776, 15.7353, 17.7419, 2.74667
1, -0.200992, -0.305789, 0.0475007, 14.357, 17.2863, 0.337628
1, 0.0957221, -0.0101777, 0.198934, 16.9028, 15.6031, 18.7291
1, 0.243999, 0.0465492, 0.187133, 5.79253, 4.56662, 7.86027
1, 0.0285924, 0.967911, -0.0951781, 13.6174, 17.511, 11.166
1, 0.238774, 0.512623, -0.197498, 13.7594, 7.04222, 15.7834
1, 0.22407, -0.106227, 0.038852, 15.3017, 9.9126, 13.8406
1, -0.00303661, 0.0694189, 0.278461, 3.92211, 16.7537, 1.04026
1, 0.0137405, -0.269572, 0.0914709, 5.16375, 17.0424, 11.3039
1, 0.176111, -0.349475, 0.0667913, 15.0081, 18.6509, 11.0123
1, -0.569837, 0.729438, -0.226747, 19.4361, 15.9547, 2.59848
1, 0.335939, 0.802247, 0.277693, 1.10087, 16.6104, 5.60438
1, -0.209726, -0.142249, 0.254286, 8.29689, 9.73355, 3.09092
1, 0.0946751, 0.344503, -0.0746969, 2.08088, 2.64956, 4.0248
1, 0.00868623, 0.439168, -0.118663, 13.7246, 11.7571, 15.3539
1, -0.0967266, -0.0203841, -0.00542649, 9.62782, 7.36671, 1.16655
1, 0.110819, 0.027689, -0.0253294, 5.65253, 10.6269, 14.1232
1, 0.203771, -0.0902914, -0.273741, 1.7859, 15.0973, 1.17671
1, -0.168789, 0.407856, 0.139761, 0.569492, 7.98523, 10.0671
1, 0.0811589, -0.0731122, 0.151779, 4.09693, 11.9842, 12.7946
1, 0.118059, 0.374761, 0.529053, 17.8119, 6.66882, 13.9638
1, 0.282011, 0.716175, -0.759029, 9.47138, 8.58173, 7.30977
1, -0.574914, -0.0579368, 0.495215, 0.902651, 2.94246, 14.5094
1, 0.225863, 0.381556, 0.16471, 3.65635, 17.749, 18.1465
1, 0.213147, -0.215296, 0.0352262, 12.7842, 17.2178, 6.6688
1, -0.554164, 0.189752, -0.250332, 16.2431, 10.206, 5.04292
1, 0.128448, 0.287647, -0.119705, 1.22382, 17.459, 11.9043
1, 0.300145, 0.0478922, 0.179522, 19.7571, 16.8797, 5.26451
1, 0.200337, -0.342802, -0.0394086, 16.9734, 2.78143, 11.6843
1, 0.593987, -0.203056, 0.139272, 1.02341, 2.83404, 5.19284
1, 0.396701, -0.144095, -0.305461, 15.609, 4.88426, 1.8789
1, 0.0786351, -0.0118808, -0.106604, 15.8832, 13.5561, 10.5016
1, -0.243914, -0.328561, 0.35082, 5.95887, 6.93308, 14.8052
1, -0.164912, -0.284796, -0.461719, 1.17327, 1.29588, 12.5144
1, 0.632815, -0.986254, -0.402454, 6.21679, 15.0194, 19.3034
1, 0.103947, 0.0821593, -0.227187, 5.50289, 18.7421, 0.497473
1, -0.394488, 0.21374, 0.708954, 16.0965, 18.3163, 12.8038
1, 0.0195625, 0.413258, -0.4304, 8.45741, 2.52001, 12.2363
1, 0.119323, 0.0612203, 0.405392, 0.613449, 1.94931, 4.59368
1, 0.214789, -0.143799, 0.344889, 8.45791, 15.0941, 6.29955
1, 0.297674, -0.626771, 0.552556, 14.8721, 5.83749, 19.8221
1, 0.297255, 0.221506, -0.0146825, 3.65117, 1.80882, 6.20308
1, -0.170531, 0.336678, 0.208154, 17.724, 18.4234, 4.35906
1, 0.623141, 0.233274, -0.186439, 10.3139, 9.83412, 13.0526
1, 0.128819, 0.0356136, 0.0190354, 2.32714, 1.22695, 0.515384
1, -0.343606, -0.276129, 0.0129826, 3.6864, 19.8063, 6.7632
1, -0.17139, 0.122752, 0.0786278, 17.9677, 3.36765, 14.7556
1, -0.0473592, -0.256231, 0.338278, 2.10924, 2.35322, 14.4815
1, -0.121039, -0.0527717, -0.0646041, 5.69524, 17.5592, 3.75231
1, 0.0924421, 0.102799, 0.0437253, 10.3669, 2.1021, 3.01457
1, 0.202856, -0.196447, -0.30411, 0.348626, 1.72859, 14.8308
1, -0.169337, -0.591213, 0.402513, 13.8655, 10.4051, 6.34225
1, 0.144791, -0.257596, -0.0456175, 8.50988, 18.5598, 3.3361
1, 0.436953, -0.190214, 0.859756, 15.7978, 3.80357, 10.8979
1, -0.407096, -0.311045, 0.242925, 5.09249, 11.891, 14.2419
1, -0.109583, -0.269128, 0.580313, 17.7762, 6.9111, 16.7688
1, -0.249779, 0.205818, -0.173028, 19.0392, 7.98512, 0.810311
1, 0.00827152, -0.160778, 0.00169955, 8.70601, 17.0123, 8.98122
1, -0.542674, 0.052825, 0.498834, 16.1403, 6.87397, 13.417
1, 0.441211, -0.250707, 0.0877736, 14.5629, 10.5325, 14.4978
1, 0.60252, -0.264916, -0.252614, 3.18205, 18.3067, 3.31146
1, -0.264793, -0.274832, 0.539697, 16.6771, 6.15017, 0.138193
1, -0.0791503, 0.0482849, 0.00726572, 8.89998, 15.7135, 9.40091
1, 0.25829, -0.0516095, 0.153779, 7.67194, 12.6267, 15.9702
1, 0.340678, -0.680641, -0.549897, 9.38909, 4.39619, 10.9562
1, -0.127723, 0.349977, 0.057723, 7.65649, 3.52839, 0.066695
1, 0.347979, -0.059272, 0.0654093, 5.75935, 7.36611, 4.36553
1, 0.0847249, -0.16132, -0.503013, 18.3346, 19.6635, 1.2945
1, -0.242595, -0.502726, -0.327143, 10.28, 10.2685, 4.83986
1, 0.351379, 0.0899807, -0.406769, 14.7957, 16.0602, 0.617934
1, 0.0388475, 0.080065, -0.0961326, 13.2446, 3.14364, 15.1822
1, 0.0220967, 0.366735, 0.268406, 0.0862889, 2.61151, 0.629168
1, 0.280397, 0.0675952, -0.0181523, 11.8685, 19.7189, 9.32237
1, 0.339914, 0.200715, -0.318153, 12.8406, 15.1746, 5.57625
1, -0.302325, 0.188202, 0.224546, 13.2874, 6.44643, 1.98351
1, 0.0769611, 0.324073, 0.27036, 15.1235, 7.78049, 18.4178
1, 0.617249, 0.375773, -0.20445, 14.4776, 8.15984, 3.61396
1, -0.242527, -0.423819, 0.242039, 19.829, 18.5293, 9.69335
1, 0.00304577, -0.150165, 0.0683102, 0.31972, 16.7255, 11.0033
1, 0.0189951, 0.146489, 0.2054, 16.8723, 11.4939, 8.87538
1, -0.589821, -0.233187, -0.485939, 13.9394, 15.6905, 2.20439
1, -1.08336, 0.819348, -0.0855723, 2.74201, 6.44949, 16.7393
1, -0.515328, -0.223777, 0.10199, 19.0476, 17.1649, 9.68243
1, -0.314238, -0.721484, 0.368613, 8.94883, 11.2819, 0.903835
1, -0.0822074, -0.252075, -0.0801833, 12.3656, 2.52666, 9.63449
1, 0.330781, 0.0318506, 0.0560201, 18.3593, 16.4201, 6.6268
1, -0.480443, 0.0600301, -0.0282183, 10.0402, 16.6045, 17.6053
1, 0.467607, -0.529789, 0.277036, 18.5894, 14.0888, 5.14305
1, 0.00871043, 0.288194, -0.126859, 18.1071, 2.78075, 13.3632
1, -0.37629, 0.207683, -0.475557, 5.98795, 13.4513, 6.12139
1, -0.245594, 0.0619463, 0.271085, 9.91639, 8.87489, 13.2673
1, 0.050175, -0.241642, -0.223563, 16.7214, 7.39548, 12.2036
1, -0.347854, 0.112019, 0.253918, 4.06119, 8.66007, 2.242
1, 0.0927355, -0.186683, 0.182424, 11.3582, 9.476, 6.94222
1, 0.218608, -0.520995, 0.000675496, 17.2842, 5.09118, 8.61057
1, -0.1142, 0.290564, -0.349988, 12.225, 9.79131, 9.26325
1, -0.286388, 0.143643, -0.161956, 16.2311, 7.61291, 11.67
1, -0.186001, 0.209666, -0.168442, 17.8893, 9.60209, 17.2762
1, 0.255583, 0.60627, 0.484358, 18.2766, 16.1523, 4.73456
1, -0.0893264, -0.000774496, -0.238841, 0.167786, 15.5307, 12.0608
1, 0.193276, -0.237499, -0.194955, 2.19864, 17.6938, 14.2942
1, 0.355217, 0.0643888, 0.1449, 7.21258, 19.1338, 14.993
1, -1.01661, -0.389133, 0.679091, 1.16286, 17.5705, 7.76174
1, 0.198569, -0.121366, 0.0626241, 8.41854, 13.7786, 10.226
1, 0.0839066, 0.1364, -0.0397456, 0.324228, 17.494, 4.51533
1, -0.000872669, 0.0843213, -0.0342076, 6.86825, 5.55559, 5.08514
1, -0.00236186, 0.0535627, -0.632733, 11.8497, 6.91469, 18.0324
1, -0.13236, -0.210961, 0.0780849, 17.7719, 6.9055, 4.19439
1, 0.0457258, 0.0553818, -0.0681397, 14.914, 9.01923, 14.0844
1, 0.749515, -0.521227, -0.210995, 10.1765, 17.7237, 9.94314
1, 0.333905, -0.0773655, 0.264595, 12.9621, 17.846, 6.82106
1, 0.108742, 0.0689501, -0.220105, 17.7523, 18.4641, 19.9399
1, -0.146047, -0.0292546, -0.109724, 8.51136, 17.7826, 13.6517
1, -0.35101, 0.150822, -0.371663, 1.83725, 13.0392, 16.7822
1, 0.176521, -0.151146, -0.139414, 19.3006, 3.4623, 3.80169
1, 0.229031, 0.283804, -0.0150105, 4.13691, 6.56628, 1.05634
1, -0.247986, -0.231041, 0.00661991, 7.28362, 10.5228, 19.2891
1, 0.109886, -0.524278, -0.110756, 15.4213, 1.89401, 12.4822
1, 0.472853, -0.0779335, -0.287781, 16.8694, 10.0404, 5.44885
1, -0.323226, 0.489149, -0.0287609, 14.8911, 10.7386, 3.47111
1, -0.182263, 0.399913, -0.427339, 16.0305, 1.63348, 11.8034
1, 0.0116505, 0.0206834, -0.071144, 12.0591, 11.1886, 12.8703
1, 0.211467, 0.303781, 0.346479, 8.41661, 10.7902, 13.184
1, 0.343702, -0.60675, 0.278791, 16.4863, 17.1733, 3.10383
1, -0.00820972, 0.261362, -0.40847, 13.396, 16.1204, 12.5504
1, 0.0989606, -0.0133369, 0.0647297, 0.701859, 5.63653, 8.04601
1, 0.534982, 0.449143, -0.194138, 2.63833, 17.3389, 12.2191
1, 0.596646, -0.996148, 0.350816, 13.267, 8.35087, 11.5172
1, -0.226703, 0.503088, 0.371124, 13.0825, 0.256614, 11.7168
1, 0.138309, -0.0262299, -0.200519, 19.0797, 17.8555, 19.8415
1, 0.0579078, -0.385754, 0.394798, 18.0189, 11.181, 3.89177
1, -0.101284, 0.447064, 0.170284, 5.5131, 15.7318, 11.5582
1, -0.794348, 0.572106, 0.0637795, 7.12039, 11.0894, 9.13987
1, -0.497276, -0.0749768, 0.010208, 10.2306, 12.946, 19.9717
1, 0.360212, -0.0579274, -0.175831, 13.9696, 18.9563, 19.4894
1, -0.271455, 0.386654, 0.065878, 17.3719, 8.1547, 2.41757
1, -0.199963, -0.146645, 0.231152, 15.8832, 19.8871, 9.01864
1, -0.0159272, 0.0416978, -0.00571136, 11.0016, 18.3844, 19.6578
1, -0.16874, 0.371814, -0.473187, 5.25004, 13.791, 16.313
1, 0.27317, -0.0182755, -0.26783, 15.8153, 12.9578, 10.5744
1, -0.181055, 0.265039, -0.00378005, 1.28549, 7.91166, 16.5907
1, -0.251032, -0.766915, 0.368231, 10.0234, 19.9674, 19.4552
1, 0.397566, -0.0510576, -0.406664, 3.72306, 15.9448, 10.1656
1, 0.20177, 0.307672, 0.636279, 2.31601, 7.56416, 7.33796
1, -0.456653, -0.317557, 0.474328, 13.2742, 18.0765, 1.66549
1, 0.0372858, -0.439444, 0.422871, 5.86034, 14.6823, 5.40782
1, -0.208391, 0.13088, 0.314078, 19.0827, 18.4502, 9.45847
1, 0.106448, 0.177239, 0.0659096, 10.9851, 15.1497, 2.05067
1, -0.00516971, 0.384214, 0.251066, 6.86696, 19.8316, 13.9382
1, 0.331221, 0.189441, -0.129669, 10.3514, 18.7259, 2.13017
1, 0.198184, -0.320833, -0.220812, 8.24963, 6.12742, 18.1259
1, -0.170089, 0.261105, -0.0991116, 13.5207, 9.9269, 5.66444
1, 0.0967386, 0.417765, 0.0124556, 17.3387, 13.0147, 0.0394431
1, 0.0378808, -0.517547, 0.415855, 17.5303, 2.84401, 0.00556476
1, 0.621816, -0.159258, 1.0761, 19.287, 19.466, 1.05978
1, -0.336948, -0.0061869, -0.0738439, 11.7203, 1.07875, 14.3349
1, -0.333899, -0.470479, -0.161126, 13.8148, 5.17034, 4.39529
1, -0.140938, 0.138653, 0.302048, 1.87734, 1.76746, 19.8689
1, 0.854284, 0.6229, 0.307239, 12.8651, 19.005, 14.7262
1, 0.255131, -0.136685, 0.102344, 19.7736, 5.42553, 3.64011
1, -0.247163, 0.226, -0.264884, 17.8882, 8.86691, 17.2688
1, 0.591406, -0.146488, 0.083694, 6.26212, 11.3227, 11.7566
1, 0.0128667, 0.078486, 0.180231, 11.9414, 17.1326, 6.94939
1, 0.0455446, -0.266201, -0.351158, 7.1111, 10.0048, 16.3643
1, -0.0869447, -0.0786257, -0.0204843, 14.6313, 4.41042, 0.684336
1, -0.483545, 0.243141, 0.461073, 9.20641, 6.07396, 12.9177
1, 0.262537, -0.356379, -0.113655, 0.954457, 4.75456, 5.80922
1, 0.328866, 0.115875, -0.0402665, 9.83433, 18.1157, 8.77762
1, 0.296433, 0.395862, 0.150697, 17.3654, 9.70819, 11.9881
1, 0.328795, 0.518361, -0.0623282, 0.657506, 9.62274, 14.3316
1, -0.0104398, 0.235917, 0.416744, 12.6109, 10.6817, 9.08593
1, -0.0220756, 0.232209, 0.383657, 10.1497, 12.2004, 5.06612
1, -0.277773, -0.0355323, -0.221424, 5.82678, 18.1461, 2.03857
1, -1.6439, 0.0949616, -0.166174, 2.4716, 4.15163, 18.8775
1, -0.0939771, -0.19019, -0.824134, 15.3056, 10.0164, 16.8033
1, 0.797665, -0.166729, -0.128674, 15.6493, 0.96656, 1.25437
1, 0.308023, 0.170456, 0.212102, 9.41703, 6.48061, 2.30129
1, 0.654388, 0.412005, -1.55091, 7.72256, 6.47092, 1.84861
1, -0.148928, -0.042945, -0.00109854, 16.8678, 11.6457, 14.4252
1, -0.271066, -0.29044, 0.525784, 10.4461, 8.55365, 4.21793
1, -0.33101, -0.00571865, -0.0970797, 1.89735, 14.7445, 6.25751
1, -0.147842, -0.194617, -0.0794722, 5.79049, 9.58871, 12.6414
1, -0.147486, -0.122751, -0.173957, 4.66614, 12.9657, 11.9716
1, -0.240001, -0.0704406, 0.0672201, 10.0563, 2.88422, 8.41634
1, 0.0572251, 0.395931, -0.160389, 14.6895, 17.1484, 18.6529
1, -0.222054, -0.103909, 0.164073, 7.89299, 17.5997, 8.1826
1, -0.259837, 0.193432, 0.22604, 13.2005, 4.71049, 14.1039
1, 0.332561, 0.0818906, -0.293425, 1.79101, 5.87353, 13.4086
1, -0.0150097, -0.00973212, 0.168051, 12.3141, 12.9024, 15.2401
1, 0.220947, 0.579344, 0.0344032, 3.68819, 15.3392, 2.27008
1, -0.202556, 0.503619, 0.0137039, 7.47404, 15.5525, 15.3638
1, 0.285881, 0.0113915, 0.32767, 6.221, 6.47441, 7.01685
1, 0.292477, 0.295602, -0.300409, 3.31646, 5.0085, 0.787748
1, 0.023948, -0.193444, -0.099834, 19.5096, 17.3053, 7.95375
1, -0.0794569, -0.350621, -0.143249, 1.96684, 6.97781, 1.40142
1, 0.373956, -0.284716, -0.271924, 11.6696, 1.49708, 5.84258
1, -0.335928, 0.235469, 0.266135, 6.3662, 1.17819, 1.34115
1, 0.215781, -0.0590389, 0.712714, 14.0375, 1.83027, 4.5876
1, -0.129518, 0.117654, -0.00278727, 9.78995, 5.35318, 14.7071
1, -0.348551, -0.052541, 0.0189949, 14.9155, 4.33858, 0.379737
1, -0.134736, 0.0241849, -0.233885, 19.2222, 7.25166, 4.53599
1, 0.223187, 0.342944, -0.25286, 17.1778, 15.9013, 19.9796
1, 0.37763, -0.205058, 0.581443, 5.31657, 11.4382, 16.9113
1, -0.326321, -0.353585, 0.318467, 0.616237, 10.5258, 5.00629
1, -0.20452, 0.0212353, 0.0693513, 2.13029, 3.47784, 17.0126
1, -0.247063, 0.261884, -0.0974982, 7.49469, 15.7667, 6.39038
1, 0.240475, -0.0898908, -0.0733522, 8.77251, 19.5361, 1.80892
1, 0.0332744, 0.0166569, 0.0348764, 3.29999, 17.1978, 16.6099
1, 0.258047, 0.232952, 0.145858, 8.51202, 13.3818, 17.2721
1, 0.214377, 0.0437303, -0.248377, 10.8708, 3.54664, 11.6979
1, -0.150095, 0.146619, 0.271336, 9.24534, 12.577, 9.58697
1, -0.423779, 0.408749, 0.1706, 10.7701, 6.51263, 16.9932
1, 0.519261, 0.229228, -0.114294, 9.58935, 18.7175, 6.63332
1, 0.43633, -0.0339813, 0.209013, 13.0236, 14.188, 6.07976
1, -0.287217, -0.760627, -0.151267, 19.1617, 2.64954, 18.9359
1, -0.164285, -0.300371, 0.171688, 12.0472, 12.3478, 14.5365
1, 0.0286691, 0.360948, -0.310521, 18.5419, 8.82167, 15.1498
1, 0.0269103, 0.179031, -0.130202, 9.89377, 16.365, 16.5987
1, -0.265239, -0.301424, 0.034655, 7.88983, 14.0566, 5.48066
1, -0.147807, -0.0110934, -0.10388, 8.06848, 0.942681, 3.80181
1, -0.474833, -0.268208, -0.437263, 5.68723, 4.29379, 14.0038
1, 0.469433, -0.340808, -0.123013, 7.21556, 16.0056, 16.0655
1, -0.126895, -0.105293, 0.565448, 14.2235, 19.6414, 11.0217
1, 0.311579, -1.11755, -0.547804, 8.70872, 17.4937, 12.9323
1, -0.565649, 1.08587, 0.680982, 1.31481, 10.4127, 3.22553
1, 0.0116431, 0.189193, -0.256577, 19.9655, 6.24576, 4.02836
1, 0.52176, -0.147956, -0.356479, 6.91106, 4.52834, 3.95365
1, 0.00111258, -0.0397997, 0.435182, 10.6782, 7.18717, 18.1103
1, 0.493228, 0.0180436, 0.0970016, 3.20416, 2.47101, 14.3808
1, 0.252225, 0.103417, -0.434576, 8.72107, 13.1049, 4.66854
1, -0.233678, -0.283674, -0.682311, 3.9645, 14.3686, 17.9078
1, 0.240245, 0.309045, 0.0529026, 17.3417, 18.9877, 5.12257
1, -0.705433, -0.293741, 0.744694, 18.3674, 2.04469, 19.4222
1, -0.177255, 0.0261377, 0.167101, 4.56098, 7.47676, 3.37765
1, -0.0281086, -0.452642, 0.283813, 13.7524, 16.0266, 15.9412
1, 0.566806, 0.128627, 0.412982, 7.59769, 4.55873, 14.831
1, 0.252862, 0.230299, -0.0585864, 15.0512, 13.7709, 15.9349
1, -0.242476, 0.0735306, -0.0287029, 17.6331, 6.82857, 10.038
1, 0.073244, 0.203698, -0.182295, 4.17615, 6.67122, 11.0854
1, -0.231497, -0.106914, -0.0917583, 16.0042, 18.9293, 6.12079
1, -0.177856, 0.19133, 0.0304834, 19.69, 9.81466, 15.6555
1, 0.143444, 0.190424, 0.0718567, 17.2822, 12.3102, 16.4724
1, -0.273708, 0.433199, -0.191394, 9.34782, 14.4368, 9.24508
1, 0.931813, -0.0901055, 0.167354, 13.1052, 18.0887, 18.7265
1, 0.0590311, 0.00886016, -0.0632916, 16.0801, 16.8477, 2.06961
1, -0.0706053, -0.703322, -0.539142, 7.54285, 17.8546, 10.9426
1, 0.64925, 0.458038, 0.287576, 19.2275, 3.57136, 7.27195
1, 0.331826, 0.318258, 0.477674, 13.2414, 17.3761, 2.37468
1, -0.0343749, -0.121336, 0.554849, 12.8857, 8.34759, 2.72651
1, -0.128787, 0.197164, 0.0407577, 15.0887, 18.8931, 14.4541
1, 0.325988, 0.334612, 0.303341, 14.9125, 1.14737, 8.64683
1, 0.17779, 0.161382, 0.0373592, 13.5059, 14.4391, 12.221
1, 0.214636, 0.134511, 0.21307, 9.99149, 13.1881, 3.57178
1, 0.0136637, 0.383365, 0.567512, 15.3335, 2.14709, 0.456403
1, 0.3459, 0.632805, -1.0732, 5.66377, 2.27593, 16.1614
1, -0.291049, -0.416398, -0.22837, 16.8301, 5.85024, 0.971016
1, 0.369283, -0.215091, -0.499014, 13.2655, 7.21316, 14.302
1, 0.0224515, 0.0862955, -0.360125, 18.0249, 1.43654, 10.0484
1, -0.277404, 0.267298, -0.036985, 18.328, 5.19163, 7.75811
1, 0.071077, 0.316992, 0.152792, 17.9297, 12.6184, 16.4414
1, 0.389356, 0.0638277, 0.214311, 0.562508, 2.26913, 2.54487
1, -0.155696, -0.813603, -0.255925, 16.5099, 4.78022, 10.3836
1, -0.104975, -0.189418, 0.0325882, 17.6817, 11.2494, 8.77622
1, 0.0334911, -0.182927, 0.0196235, 14.6354, 10.5177, 7.25988
1, -0.0838724, 0.485639, -0.623815, 6.74613, 8.97385, 5.95355
1, -0.00763397, 1.02316, -0.060884, 11.7091, 12.2559, 15.184
1, 0.398651, 0.128783, -0.0923741, 14.7312, 16.45, 1.61446
1, -0.223395, 0.0252277, 0.197128, 10.8331, 3.34472, 2.0568
1, -0.0183629, -1.18886, -0.00212037, 7.04192, 9.16915, 18.5163
1, -0.79418, 0.247757, -0.655268, 0.402968, 12.7446, 2.66833
1, -0.0747894, 0.377628, 0.0684443, 1.07014, 5.99455, 2.7294
1, -0.286077, 0.0402398, -0.135284, 4.504, 2.74935, 4.63784
1, -0.0813924, 0.644352, 0.381045, 12.4685, 14.8365, 3.34163
1, -0.593395, 0.00731824, -0.208493, 12.9766, 13.3735, 10.5988
1, 0.105801, 0.277067, -0.127942, 16.5477, 4.97293, 7.00687
1, -0.0685429, 0.12253, 0.0130058, 9.49053, 16.1765, 1.20225
1, 0.0664412, -0.0348116, -0.171297, 9.23614, 3.08438, 17.5598
1, 0.31583, -0.37217, -0.17038, 4.95124, 8.76774, 6.15631
1, -0.159925, -0.00358545, -0.16665, 11.5218, 6.36305, 9.53466
1, -0.0946122, 0.480392, -0.438088, 6.28163, 10.4764, 12.7687
1, -0.296792, 0.286209, 0.243802, 3.68624, 18.5868, 0.578584
1, -0.0568168, 0.408627, -0.420377, 5.29767, 6.91058, 5.4714
1, -0.0891552, 0.10114, 0.00686322, 13.8616, 13.4897, 2.26163
1, 0.110199, -0.0178263, 0.035033, 14.0099, 14.2738, 5.75435
1, -0.256313, 0.224369, 0.207759, 1.68822, 16.1713, 17.0658
1, 0.253808, -0.19265, -0.352267, 8.43342, 19.0047, 12.842
1, -0.639382, 0.214071, -0.0607752, 7.42479, 15.5712, 16.7703
1, -0.0717911, 0.221887, -0.177373, 6.32973, 19.1142, 12.6587
1, -0.169645, 0.100062, 0.149055, 13.0155, 18.78, 11.4999
1, -0.0828363, -0.116369, 0.0423955, 0.357491, 19.5799, 14.3124
1, -0.247037, -0.0942321, -0.497053, 6.39073, 6.65684, 19.7489
1, -0.0110006, 0.426379, -0.0746246, 5.21782, 17.4767, 6.91315
1, 0.0062537, -0.137439, 0.195429, 13.9768, 2.85304, 12.0359
1, 0.366765, -0.427413, -0.288948, 9.27315, 6.31438, 5.67092
1, 0.387364, -0.16169, -0.135227, 2.64051, 9.93272, 15.117
1, -0.645882, -0.615055, 0.0956691, 2.96121, 19.9235, 7.25632
1, -0.80213, -0.778153, 0.369318, 8.2229, 2.54138, 4.34028
1, 0.0289203, -0.0457599, -0.170618, 0.982489, 0.770661, 7.51506
1, 0.0814511, -0.110814, -0.135406, 18.984, 2.23877, 4.70523
1, -0.19843, -0.305764, 0.185512, 5.0157, 12.7278, 9.66404
1, -0.0874492, -0.219125, 0.0224929, 3.50462, 7.92675, 11.9286
1, -0.037259, 0.122921, -0.0902839, 10.8755, 9.12203, 18.2522
1, -0.111977, -0.16548, -0.23044, 1.11354, 12.8978, 14.2091
1, -0.188334, -0.0635768, -0.269654, 16.3827, 14.8667, 5.38811
1, 0.053558, -0.000816479, 0.149706, 5.31399, 16.9834, 3.85442
1, 0.105328, 0.033098, 0.100057, 11.2748, 13.5652, 11.9399
1, -0.682293, 0.204452, -0.325215, 0.26903, 6.57995, 16.271
1, -0.268966, -1.12234, -0.209643, 3.85788, 3.25713, 0.415734
1, -0.462382, -0.172141, -0.0978736, 5.63483, 9.59491, 19.8233
1, 0.147505, -0.350007, -0.304805, 3.08108, 2.86189, 18.2478
1, 0.381199, -0.17928, -0.100173, 12.0477, 18.1949, 12.028
1, -0.246461, -0.0158552, 0.0037968, 4.04227, 1.08945, 8.29403
1, 0.212972, 0.256434, 0.103371, 15.0884, 17.0974, 5.50688
1, -0.107182, -0.0891348, 0.130568, 2.47053, 17.5388, 13.3784
1, -0.371107, 0.107796, -0.161928, 13.3267, 11.7347, 7.3597
1, 0.0880362, 0.478389, 0.435663, 16.5386, 13.3731, 7.95029
1, 0.175329, -0.0976391, -0.0972392, 18.3457, 15.7337, 5.41005
1, -0.0622211, 0.0213189, 0.318275, 0.0798945, 12.0556, 0.757565
1, -0.223921, 0.0955891, -0.311042, 11.302, 9.28253, 3.05141
1, 0.00316285, 0.0144337, -0.130164, 1.37072, 6.54173, 1.82168
1, -0.15584, 0.598333, -0.216188, 4.21374, 12.0176, 0.0676119
1, 0.0902064, -0.18438, 0.0393423, 2.61546, 6.28861, 12.9083
1, 0.386657, 0.726335, 1.03854, 5.50747, 13.9089, 5.63164
1, -0.588121, -0.158715, 0.495125, 1.10944, 0.77482, 6.78773
1, 0.12177, 0.191399, -0.405911, 10.1156, 8.30396, 16.4298
1, 0.213951, -0.843096, -0.795899, 3.13067, 2.12467, 7.90309
1, 0.0153138, -0.755854, 0.486468, 6.87224, 9.40554, 16.3096
1, 0.230246, 0.100539, -0.0629262, 12.254, 0.451806, 3.18984
1, -0.237103, -0.195863, -0.0300119, 9.14975, 18.14, 14.8824
1, 0.0623348, -0.0770702, 0.160921, 3.93642, 12.1817, 1.40618
1, -0.279851, 0.130654, 0.0365276, 14.2448, 10.1479, 2.5021
1, 0.52958, -0.0314369, -0.0227597, 4.31405, 12.8665, 6.43075
1, -0.186724, -0.130197, 0.0850402, 19.8378, 11.5351, 4.52593
1, -0.554908, 0.139662, -0.121641, 5.12745, 14.2487, 10.8547
1, 0.0100825, 1.12233, 0.319639, 6.11582, 15.5325, 18.3904
1, 0.14395, -0.206844, -0.0504283, 13.8474, 14.8928, 0.613924
1, 0.210993, -0.196511, 0.927204, 0.0176474, 15.1924, 8.37893
1, -0.28163, 0.119289, 0.121225, 4.15435, 15.9894, 14.7192
1, -0.459276, -0.0421638, 0.0407033, 11.2975, 3.97079, 1.16684
1, -0.0366962, 0.312833, 0.381856, 14.1401, 18.3979, 0.408412
1, 0.0857807, 0.50172, 0.000120744, 5.1197, 5.32445, 15.8294
1, 0.0137047, -0.811734, -0.689293, 8.27615, 2.71398, 7.68443
1, -0.0306604, 0.0663837, 0.208552, 11.9079, 16.6992, 14.3188
1, -0.0406662, 0.0423646, 0.0228145, 2.24284, 5.42407, 18.5666
1, 0.257346, -0.00418234, 0.152173, 2.2449, 16.5339, 8.5801
1, -0.0924435, -0.482542, -0.0749449, 4.64635, 9.12687, 18.6898
1, -0.287225, -0.077032, -0.0465689, 12.0742, 16.0773, 1.8218
1, -0.0803205, 0.0520998, -0.106223, 5.55469, 16.1542, 14.3297
1, -0.0183949, 0.383739, 0.0827946, 19.1651, 6.53365, 5.42084
1, -0.204973, 0.0306616, -0.0491404, 17.1511, 7.01523, 19.5802
1, -0.0148698, 0.333638, 0.420516, 2.38698, 13.5766, 11.277
1, 0.0576312, 0.0678118, 0.00109514, 17.7923, 15.7511, 6.19788
1, 0.0101174, 0.811585, -0.72605, 7.91293, 13.5193, 17.1864
1, -0.128943, 0.0505386, -0.0896909, 18.2127, 16.1555, 6.40183
1, -0.29096, -0.165856, 0.377967, 2.64636, 11.9918, 17.143
1, -0.085104, -0.162275, -0.334044, 11.1215, 5.41178, 19.4127
1, 0.363255, -0.00273316, 0.387297, 2.38009, 4.54509, 19.538
1, -0.0991407, 0.183511, 0.0132568, 19.9431, 15.018, 12.2874
1, -0.0353176, -0.440541, 0.0304126, 8.00191, 0.00716849, 12.9452
1, -0.0972909, -0.540105, -0.164771, 16.9468, 5.7535, 6.45544
1, -0.428231, 0.0406928, 0.0268892, 19.1219, 17.5945, 15.2586
1, 0.238626, -0.0656122, 0.160554, 9.84702, 8.88179, 15.5747
1, 0.109851, 0.540583, -0.374956, 17.082, 5.70518, 17.5025
1, 0.415468, 0.940092, -0.152097, 7.57526, 8.64946, 13.768
1, -0.239629, -0.198363, 0.253044, 2.09185, 11.9569, 12.2072
1, -0.072996, -0.687389, -0.116485, 8.67465, 0.839597, 0.989163
1, -0.739566, 0.0147543, -0.307287, 11.4958, 9.0614, 19.3966
1, 0.123048, -0.17176, 0.801622, 13.3501, 2.22705, 7.18101
1, -0.522118, -0.0669018, 0.155943, 10.911, 4.83067, 19.4985
1, -0.137019, 0.0354635, 0.0679485, 3.37383, 7.70239, 9.02408
1, -0.146214, -0.296807, 0.00938009, 18.3684, 17.1989, 0.355155
1, -0.210385, 0.239436, -0.223002, 17.5458, 12.0213, 9.06873
1, -0.581822, -0.365138, 0.011226, 13.2211, 9.35005, 2.25702
1, -0.0355747, 0.39932, -0.0410723, 11.2921, 11.7389, 1.69488
1, -0.341799, -0.319371, -0.0824654, 19.7473, 4.9298, 5.32715
1, 0.514997, 0.121424, -0.361822, 7.96224, 4.49757, 5.32262
1, 0.119261, -0.439007, -0.285339, 16.2467, 13.8295, 19.9529
1, -0.497831, -1.25454, -0.41817, 8.74188, 6.38264, 12.3965
1, -0.0401887, -0.142306, -0.210197, 10.1637, 0.0314685, 4.03371
1, -0.486497, -0.453005, -0.61116, 11.225, 6.86201, 7.89308
1, -0.595616, 0.470951, -0.332699, 5.43148, 13.2645, 15.4024
1, -0.0456798, 0.107996, -0.298816, 7.6323, 19.6025, 15.863
1, -0.189723, 0.183284, 0.0252432, 2.88161, 3.77556, 15.1735
1, 0.293662, -0.128669, 0.603072, 15.2918, 7.28717, 14.4146
1, -0.237536, 0.212331, -0.151991, 9.03365, 4.721, 1.2673
1, -0.361527, -0.153186, 0.301425, 2.79241, 0.179996, 5.84544
1, 0.0241741, -0.0181426, -0.273334, 10.1736, 6.82677, 14.9112
1, 0.160854, -0.131994, -0.160849, 13.8321, 15.9871, 8.65106
1, -0.0174496, 0.0369399, 0.0134149, 5.31067, 9.14061, 6.52032
1, 0.062149, 0.214649, 0.0399041, 6.37258, 4.15713, 16.6789
1, -0.017836, 0.0410887, -0.193893, 17.3458, 8.59224, 16.792
1, -0.41409, 0.0902095, -0.031882, 4.00761, 19.2294, 4.23295
1, 0.00871795, 0.110259, -0.105716, 14.3351, 12.8593, 9.08906
1, 0.0302732, -0.256437, -0.038007, 4.69841, 4.09117, 8.49589
1, -0.036108, 0.489351, -0.307365, 15.7526, 7.52877, 18.574
1, -0.419169, -0.359415, 0.205036, 3.71469, 11.2885, 8.88195
1, -0.13594, -0.360449, 0.0777532, 8.60062, 3.07476, 16.0856
1, -0.127735, 0.341831, -0.0772296, 11.8552, 18.2294, 5.49655
1, 0.22422, -0.243815, -0.153311, 17.5033, 9.35057, 0.51483
1, 0.0830937, -0.090666, -0.0451232, 17.3549, 4.36183, 13.3962
1, -0.898099, 0.100829, 0.0477158, 9.94836, 15.5942, 15.1931
1, -0.314023, 0.0192719, 0.185049, 12.9046, 9.97931, 11.3977
1, -0.227445, 0.162798, -0.410822, 18.588, 16.6996, 5.33783
1, -0.0293493, -0.0197683, 0.0446859, 3.9601, 13.859, 2.58987
1, 0.0394967, -0.00891885, -0.0341975, 6.12799, 14.3332, 19.2075
1, -0.112064, -0.539853, -0.113883, 12.8758, 15.4819, 6.96913
1, 0.22284, -0.221543, -0.0655916, 1.31566, 5.01559, 11.8497
1, -0.668211, 0.089166, 0.151736, 19.0379, 15.5006, 5.77006
1, -0.195618, -0.15697, -0.00975232, 8.03506, 9.22822, 5.73671
1, 0.657026, -0.0541279, 0.515709, 10.9322, 2.33598, 2.75754
1, -0.160618, 0.0698945, 0.249683, 18.3937, 18.6843, 13.5023
1, -0.00775419, -0.0107549, -0.0106398, 6.35466, 6.89638, 3.71295
1, 0.0305007, 0.01742, 0.197907, 8.97401, 17.737, 16.8977
1, 0.136024, 0.234451, -0.458933, 4.42713, 6.9177, 7.91492
1, 0.54927, 0.272119, -0.121978, 3.29466, 5.8633, 17.9516
1, 0.0378848, -0.404969, 1.10022, 17.595, 2.55021, 2.39986
1, -0.0792569, 0.0207066, 0.26461, 5.02209, 17.5106, 13.3909
1, 0.041846, 0.0123686, -0.142467, 8.92727, 7.73997, 5.68419
1, -0.353231, -0.469251, -0.0951635, 10.2823, 10.1105, 13.7796
1, -0.504888, 0.0597072, -0.0514244, 12.9801, 13.3783, 3.65265
1, 0.350696, -0.00882399, 0.239915, 4.26745, 19.7462, 10.1231
1, 0.090071, -0.256437, -0.255453, 17.7999, 10.5029, 3.1856
1, -0.461678, 0.040978, -0.0374022, 14.17, 7.7443, 19.3703
1, 0.135232, 0.347626, -0.0386396, 7.82553, 17.1927, 2.68163
1, -0.0976122, 0.0736505, 0.110781, 4.26084, 10.6176, 12.9274
1, 0.119815, -0.059646, -0.480716, 19.2826, 6.35497, 19.3831
1, -0.369285, -0.022163, 0.0725689, 8.61978, 0.860133, 11.9642
1, 0.25935, 0.137926, -0.0656865, 4.9242, 18.4223, 5.28167
1, 0.292792, -0.452835, -0.361129, 13.8725, 13.5935, 14.2773
1, 0.0428859, 0.0781255, -0.0932642, 13.0783, 11.7535, 3.22491
1, -0.27796, -0.0114922, -0.445232, 15.8459, 18.3441, 14.9439
1, 0.163008, -0.0607871, -0.166777, 7.3052, 12.7702, 10.1577
1, 0.168684, 0.253754, 0.0513375, 14.4213, 10.6563, 6.81117
1, 0.348672, 0.13908, 0.284474, 5.38942, 15.7912, 15.8075
1, -0.603533, -0.294694, -0.902512, 7.25897, 11.8015, 17.1644
1, 0.359371, 0.294193, 0.153048, 18.605, 16.0665, 17.3157
1, 0.0558693, 0.138352, 0.112722, 5.47317, 12.4297, 7.89628
1, -0.488284, 0.319606, -0.583143, 7.56166, 13.2697, 18.3291
1, 0.346285, -0.524687, -0.261822, 5.58569, 12.3135, 3.18231
1, 0.454925, -0.283286, 0.263061, 15.3276, 15.9765, 2.2361
1, 0.120472, -0.312477, 0.193943, 18.427, 0.384634, 18.3392
1, -0.158064, 0.136786, -0.90723, 14.7628, 3.53945, 0.175278
1, -0.303785, 0.302212, 0.134105, 3.02987, 14.5056, 18.0413
1, 1.2757, 0.369234, -0.406906, 8.51596, 2.22465, 19.722
1, 0.458279, -0.754379, 0.390022, 6.2762, 8.62139, 14.793
1, 0.0853751, 0.112078, -0.0342724, 8.01376, 7.19147, 7.48232
1, -0.0086782, -0.00126192, 0.0441372, 10.8022, 2.92347, 12.3519
1, -0.56678, 0.12034, 0.415509, 11.7636, 4.69815, 12.2062
1, 0.0674106, -0.119904, -0.597367, 15.754, 8.33146, 17.0174
1, -0.315155, 0.180426, 0.139445, 2.62006, 3.59076, 16.2933
1, -0.0171901, 0.251715, 0.0873671, 19.9486, 3.4801, 10.7114
1, 0.0559126, -0.804872, -0.270659, 3.89239, 1.5009, 14.1883
1, -0.42669, 0.372269, -0.0557909, 19.1086, 17.2743, 5.04818
1, -0.198272, -0.0430134, 0.225049, 8.92935, 11.2054, 16.0618
1, 0.153758, 0.0716294, -0.0216475, 13.2156, 11.0945, 18.9108
1, -0.468564, -0.123696, 0.134744, 1.45159, 11.9286, 16.9239
1, -0.184483, -0.20393, 0.00187085, 0.00637992, 9.15207, 11.1851
1, 0.0841485, -0.110051, 0.0780315, 0.0434062, 8.06488, 9.35441
1, 0.340632, 0.0269848, -0.419431, 10.2213, 8.47166, 8.00205
1, -0.564077, -0.0837313, 1.10222, 0.950911, 3.32821, 11.5398
1, -0.352773, 0.302945, 0.695949, 16.6888, 19.1116, 17.8423
1, 0.0594414, 0.276687, 0.000547582, 12.9443, 13.2842, 12.1691
1, -0.12791, -0.631756, -0.897524, 6.19703, 10.5871, 0.323697
1, -0.242465, -0.0250631, -0.0246454, 7.44277, 9.90961, 3.66345
1, 0.677622, -0.29928, 0.676217, 10.7488, 9.59006, 4.02961
1, -0.388542, 0.639999, -0.468109, 4.80449, 0.813741, 7.09658
1, -0.129062, -0.0553646, 0.224728, 10.7095, 14.2226, 2.69141
1, -0.392409, -0.711195, -0.0344382, 8.65114, 3.56299, 9.83866
1, 0.0990115, 0.0412446, 0.135737, 6.61913, 4.48552, 17.2525
1, 0.0450688, 0.120086, -0.0481368, 13.2066, 12.3021, 14.6154
1, -0.200634, 0.511493, 0.147924, 6.03438, 9.96108, 10.185
1, 0.0473775, 0.0732986, -0.368814, 14.389, 15.9726, 17.1652
1, -0.145882, 1.10935, 0.0146204, 9.60148, 8.49911, 11.4875
1, 0.0729018, -0.126623, -0.19915, 3.20216, 0.529073, 12.3248
1, 0.00690344, -0.0943601, -0.054125, 19.4404, 11.8258, 10.8034
1, 0.240059, -0.0609348, -0.412334, 15.1119, 16.824, 4.66637
1, -0.207948, -0.0973209, -0.454276, 5.08315, 10.699, 6.54237
1, -0.081974, -0.36505, -0.0253753, 10.8648, 14.9306, 6.15969
1, -0.161383, 0.428669, -0.392183, 9.14029, 11.3478, 12.553
1, -0.0139128, 0.082244, 0.149276, 11.0991, 8.95303, 10.1499
1, 0.092826, -0.289932, -0.682152, 4.2029, 10.9808, 15.7408
1, -0.0382403, -0.0546358, 0.0243642, 5.02404, 9.28105, 11.3731
1, 0.0640084, 0.0613889, 0.72157, 7.49688, 12.0916, 12.4158
1, -0.00343604, 0.150122, -0.435858, 6.67504, 12.7772, 17.1795
1, 0.399363, -0.748189, -0.527942, 18.7574, 11.2082, 11.8834
1, -0.630089, -0.104334, -0.852249, 2.05575, 10.6425, 12.1391
1, 0.0710621, 0.399576, 0.0866854, 7.67598, 1.26152, 19.5745
1, 0.524505, 0.0184075, 0.570246, 10.7969, 8.25269, 4.95539
1, 0.174562, 0.250702, -0.277931, 16.9128, 16.0607, 4.99917
1, 0.0218209, 0.0747975, -0.10029, 5.14597, 8.12196, 1.40288
1, 0.556236, 0.272649, 0.156794, 1.55397, 14.8787, 18.9847
1, 0.0309331, 0.17016, -0.00421191, 14.9339, 19.6427, 5.69052
1, 0.284997, -0.183043, 0.0138836, 16.8262, 4.89073, 6.07426
1, -0.1762, 0.338546, 0.330704, 13.3781, 19.3511, 12.1285
1, -0.135074, 0.0123606, 0.0867367, 8.62478, 9.19602, 15.2264
1, 0.00716382, -0.268478, 0.614906, 2.36169, 5.96313, 11.0212
1, -0.226351, -0.0499358, 0.18569, 13.6411, 8.67502, 7.6219
1, 0.736129, -0.609092, 0.135446, 19.8576, 19.6082, 10.0545
1, 0.499128, 0.451421, -0.223093, 10.5046, 10.8735, 9.64857
1, 0.131257, -0.340385, 0.123023, 2.29802, 15.2861, 9.05867
1, 0.460454, -0.389907, 0.332679, 19.6403, 13.8477, 6.65506
1, 0.238147, 0.167616, 0.415018, 15.4549, 13.3701, 0.0155349
1, -0.0477252, -0.0383333, -0.067334, 0.0210153, 4.97422, 7.18153
1, -0.345791, -0.169831, 0.288005, 15.6697, 6.83165, 6.37346
1, 0.0258474, -0.110237, -0.0294733, 7.5201, 5.33847, 19.6955
1, 0.0727877, 0.357042, 0.0797012, 13.5743, 0.563937, 9.36502
1, 0.875598, -0.122644, -0.21111, 18.0042, 14.9283, 0.884463
1, 0.184222, -0.301777, 0.23942, 6.48109, 11.2353, 11.6907
1, -0.528812, -0.33905, -0.0596992, 14.4314, 4.38271, 11.3824
1, 0.039976, 0.00409217, -0.0794114, 19.2791, 8.68658, 0.388601
1, -0.0611824, 0.105005, 0.33355, 4.73998, 12.6003, 15.1394
1, -0.162183, -0.131576, 0.0418759, 11.2699, 16.9271, 5.28245
1, -0.366433, -0.265739, -0.130194, 3.53042, 12.6244, 17.4553
1, 0.544369, 0.0301301, 0.373731, 10.3612, 1.88926, 0.195609
1, 0.0893299, 0.612873, -0.0838582, 5.12675, 5.424, 4.3397
1, 0.0104111, 0.168672, 0.00149861, 3.21098, 11.8625, 15.4359
1, -0.0395363, -0.0964715, -0.192591, 7.93918, 12.486, 5.26756
1, -0.384769, 0.250863, -0.24589, 16.4233, 4.3882, 8.59794
1, 0.0553196, -0.16365, -0.0814828, 9.73771, 16.5802, 5.11804
1, -0.496807, -0.567046, -0.463537, 16.9245, 8.40177, 17.0092
1, -0.0723272, -0.259401, -0.0303478, 1.75887, 0.0334479, 12.0148
1, -0.00855811, 0.410033, -0.324543, 13.1479, 3.15885, 1.11448
1, 0.343374, -0.39494, 0.660882, 2.82363, 3.63557, 10.1869
1, -0.170678, 0.271663, 0.698877, 18.6357, 6.66426, 2.29573
1, -0.0709087, 0.204722, -0.0677478, 14.2863, 13.6742, 7.29834
1, -0.288941, -0.0323859, 0.378144, 2.25598, 16.978, 13.4471
1, -0.685331, -0.122638, 0.253697, 14.6711, 19.0004, 3.25229
1, -0.0121436, 0.257512, 0.0613601, 18.9418, 18.2276, 14.5872
1, -0.263536, 0.209625, -0.0132259, 8.84814, 18.6935, 14.0594
1, 0.087741, 0.212881, -0.187595, 13.0263, 4.96548, 3.3932
1, 0.248603, -0.0804804, 0.362668, 3.38386, 16.6082, 13.8861
1, 0.395606, -0.390527, 0.459157, 7.85562, 13.6183, 4.17051
1, 0.361031, -0.0583478, 0.138323, 10.3562, 10.0747, 12.5805
1, -0.0763399, 0.0141204, 0.0231048, 8.95609, 3.5569, 4.46688
1, 0.14418, -0.163407, 0.0217063, 2.6596, 3.33496, 5.0865
1, 0.118255, -0.215949, -0.158842, 7.25059, 2.61528, 6.71662
1, 0.210191, -0.184001, -0.127328, 18.4579, 11.7657, 15.8931
1, -0.488441, 0.348814, -0.0309044, 19.4415, 18.1579, 9.27864
1, 0.0157413, -0.000992449, 0.348643, 9.08261, 0.248127, 9.34114
1, -0.152311, -0.149272, -0.0498022, 4.97387, 10.6846, 14.2283
1, 0.168257, -0.00688875, 0.0142575, 14.1503, 12.1443, 17.6061
1, -0.304044, 0.0596371, -0.0912675, 14.7721, 15.3234, 10.7604
1, 0.136673, 0.378092, -0.181239, 10.756, 13.8066, 5.50294
1, -0.307518, 0.0166482, -0.141692, 9.31291, 3.46176, 1.78895
1, 0.55996, -0.0381925, -0.360383, 11.4767, 16.2015, 10.1709
1, -0.0528407, -0.000181985, -0.198073, 15.9743, 5.82721, 0.0418912
1, 0.168313, -0.530357, 0.314187, 15.9096, 7.6858, 3.80503
1, 0.278441, 0.286758, -0.728561, 6.40018, 7.62772, 11.4581
1, -0.605674, -0.127585, 0.293438, 18.5071, 1.65706, 2.08402
1, -0.124319, 0.564502, 0.0759663, 10.7931, 12.7232, 17.1213
1, -0.0374179, -0.358441, 0.166521, 11.8568, 17.8221, 8.88432
1, -0.00700939, 0.0753411, 0.0341114, 6.18952, 11.1964, 12.0496
1, -0.0516456, -0.081495, 0.0360596, 6.59932, 3.32608, 2.05132
1, 0.577955, 0.204821, 0.252162, 4.90773, 9.38634, 5.66068
1, 0.115886, -0.169391, 0.0969848, 10.5453, 19.0852, 13.6969
1, 0.369058, 0.119625, -0.287707, 6.67714, 4.32935, 3.59613
1, 0.0173139, -0.170406, 0.123219, 1.57182, 12.7879, 0.883587
1, -0.221516, -0.200561, -0.155805, 6.55039, 6.63112, 11.6753
1, -0.00671609, 0.284949, -0.108554, 2.65689, 17.4287, 4.09559
1, -0.626295, 0.0619193, 0.0845292, 5.62313, 9.43502, 1.86675
1, -0.421924, 0.0728386, 0.121241, 11.7872, 6.6342, 13.2625
1, 0.0543593, -0.276153, 0.132309, 0.077312, 15.5978, 2.95846
1, 0.179871, -0.269237, 0.0934179, 6.69092, 10.8861, 0.844891
1, -0.0221853, -0.0467748, 0.146099, 18.5745, 3.75073, 19.1757
1, -0.0230555, -0.0489036, 0.421547, 13.4041, 10.188, 15.9518
1, -0.138903, -0.081937, -0.32521, 1.1819, 15.3234, 2.77469
1, -0.189031, -0.755548, 0.126233, 6.58031, 14.6601, 1.40551
1, -0.0746634, 0.197496, 0.364228, 4.95649, 14.9115, 8.0168
1, -0.144946, -0.173315, 0.539609, 16.4283, 6.6633, 10.6107
1, -0.354029, 0.0728671, 0.0635855, 11.5735, 13.1893, 16.8767
1, -0.229573, 0.227977, 0.101212, 19.8913, 9.12615, 2.64052
1, -0.210421, 0.193194, -0.178796, 10.4425, 7.63882, 0.659122
1, -0.7692, 0.0711546, 0.661481, 4.3997, 4.10776, 2.34966
1, -0.036813, -0.728561, 0.739841, 3.96368, 8.84046, 18.1516
1, -0.280687, -0.0744772, -0.408251, 10.9066, 10.584, 12.8728
1, 0.0483077, -0.0125999, 0.0586226, 19.6102, 14.3596, 6.99622
1, -0.0363171, 0.0673187, -0.45461, 17.7819, 4.05213, 1.5865
1, -0.412037, -0.379727, -0.129068, 18.351, 4.06764, 14.0576
1, 0.7217, -0.349195, 0.609312, 2.11913, 6.73499, 2.33661
1, -0.0426971, 0.102878, -0.11625, 9.24027, 17.9781, 14.5469
1, 0.230479, 0.133901, 0.479949, 9.65902, 9.99452, 11.9465
1, -0.278169, 0.217598, 0.530134, 0.305381, 11.1195, 2.86294
1, -0.148399, -0.624054, 0.346374, 8.46894, 16.3105, 16.8857
1, -0.767735, 0.224007, 0.739138, 16.6573, 2.1956, 16.1789
1, -0.146669, 0.0461769, -0.0540815, 4.23276, 9.53278, 17.222
1, -0.0665408, -0.345106, -0.105656, 0.921897, 12.9237, 6.99189
1, 0.1086, -0.173515, 0.0111255, 9.92492, 9.29564, 1.28796
1, -0.400158, -0.24368, 0.431581, 11.4986, 13.4215, 3.26079
1, 0.493875, -1.22814, 0.94942, 10.7531, 3.04199, 14.3734
1, 0.444133, 0.438872, 0.0760173, 14.281, 0.728577, 18.1694
1, 0.13248, -0.224717, 0.498919, 2.05071, 17.5404, 11.9075
1, 0.0871533, -0.0917615, 0.183611, 17.7855, 19.4085, 9.34134
1, -0.139992, 0.21832, 0.0293195, 15.6192, 3.69322, 17.9067
1, 0.131803, -0.306193, 0.0331461, 18.4002, 5.10459, 4.77474
1, -0.16095, -0.100089, 0.06065, 9.52419, 1.35193, 7.02942
1, 0.125663, 0.191852, 0.328941, 11.9829, 12.8211, 2.77753
1, -0.122633, -0.363435, -0.225613, 18.7843, 2.74853, 15.8492
1, 0.190435, 0.312911, -0.424903, 17.0951, 2.28151, 8.11241
1, -0.499734, -0.33464, 0.29299, 14.5511, 6.95751, 13.317
1, 0.493528, -0.670177, -0.699187, 17.49, 6.29526, 12.5942
1, -0.0884062, 0.051839, 0.17985, 16.5718, 3.34446, 6.11166
1, 0.237033, 0.384968, -0.454418, 14.7173, 1.3557, 7.31865
1, -0.315794, 0.00888384, 0.0918479, 1.40097, 13.9753, 3.95594
1, -0.421188, 0.13966, -0.339966, 3.35792, 2.6163, 7.2714
1, 0.364891, -0.266711, 0.0523894, 8.51216, 10.4074, 5.17006
1, -0.590751, -0.123918, -0.813527, 6.58083, 8.47124, 11.7772
1, 0.281463, -0.0553331, 0.148477, 16.1162, 19.3754, 0.488883
1, 0.71075, 0.268615, 0.341421, 9.48869, 18.578, 1.25216
1, 0.273872, -0.22381, 0.390682, 18.0728, 8.28229, 13.9756
1, 0.246804, -0.441002, 0.175584, 9.07362, 16.2928, 0.201818
1, 0.149167, -0.368083, -0.133512, 2.11498, 18.8712, 1.00711
1, -0.204148, -0.0452403, 0.135195, 5.94646, 9.44941, 18.7093
1, 0.521579, -0.300125, -0.378685, 5.33643, 8.91743, 13.3143
1, -0.302166, -0.276052, -0.0375737, 15.3668, 13.42, 16.4492
1, -0.255496, -0.128246, -0.158757, 4.06433, 3.29593, 19.312
1, 0.240034, 0.16222, -0.128676, 9.59454, 19.633, 7.33689
1, -0.0942169, 0.177089, 0.137155, 8.11944, 9.20763, 5.1901
1, -0.188291, 0.18926, -0.345971, 17.1789, 0.0211467, 2.80958
1, -0.377331, -0.169201, 0.17491, 18.7858, 13.0472, 16.5366
1, 0.368099, -0.280678, 0.23909, 0.264686, 9.81294, 9.84048
1, -0.112695, -0.117895, 0.0634476, 3.5797, 4.39578, 14.5654
1, -0.585781, 0.140854, 0.548858, 18.51, 11.7645, 7.15466
1, 0.0908228, 0.438391, -0.483576, 19.2857, 4.09405, 3.32517
1, 0.190656, -0.182313, -0.12752, 4.04259, 12.2533, 10.2042
1, 0.0523542, -0.126642, -0.673194, 16.1548, 19.1207, 11.0659
1, -0.484854, 0.500228, -1.03908, 14.0837, 9.36951, 11.5513
1, 0.184035, -0.109514, 0.512019, 18.6028, 13.9054, 19.5405
1, 0.38957, -0.393355, -0.27689, 2.54065, 10.1995, 16.3611
1, -0.317941, 0.345058, -0.175641, 3.1457, 5.59488, 17.6493
1, -0.101739, 0.411799, 0.284941, 3.51712, 0.451951, 9.01857
1, -0.387966, -0.478836, -0.029779, 2.17705, 11.9431, 3.66433
1, 0.686359, -0.196958, 0.655042, 14.472, 6.69886, 16.4349
1, -0.0201965, 0.317517, 0.111103, 12.9449, 15.3296, 15.2174
1, 0.189896, 0.172474, -0.399771, 17.9981, 14.6338, 14.2177
1, -0.0368103, 0.820427, -0.693663, 18.4522, 5.31, 3.17083
1, 0.39873, 0.217104, 0.170602, 5.34815, 10.6345, 8.42446
1, 0.104773, -0.174222, -0.188145, 8.31503, 11.9185, 17.8275
1, -0.336917, 0.193625, 0.121019, 18.4346, 19.6359, 12.973
1, -0.208615, 0.0894856, 0.00104348, 12.4992, 0.450436, 6.60495
1, -0.463248, 0.278733, 0.433541, 5.34612, 3.9524, 11.9765
1, -0.203276, -0.101953, -0.330281, 16.0308, 5.18009, 18.4278
1, 0.229987, 0.206521, 0.344709, 0.312875, 9.33288, 6.20775
1, 0.242315, -0.448277, -0.234633, 5.68407, 2.94796, 10.29
1, -0.0941349, 0.331309, 0.0199488, 16.5619, 16.7017, 0.734736
1, -0.519662, 0.325661, 0.55482, 14.3953, 1.36567, 16.9675
1, -0.764675, 0.180265, 0.175504, 1.26576, 15.236, 7.46462
1, 0.345097, -0.39459, 0.182296, 3.07805, 13.8902, 1.46716
1, 0.0353956, -0.0404798, -1.10169, 17.7033, 18.695, 12.609
1, 0.179351, -0.126827, -0.0941757, 10.8758, 18.5276, 9.17511
1, 0.309311, -0.318226, -0.241006, 6.80716, 18.9863, 6.96916
1, 0.0987656, -0.0658189, 0.430955, 5.01589, 19.0145, 1.92068
1, -0.196284, -0.295334, -0.0412251, 15.6497, 17.7071, 9.80356
1, -0.118055, -0.0506762, 0.436486, 1.01475, 4.8657, 8.48252
1, 0.0142114, 0.205209, 0.264409, 17.145, 18.4809, 11.9272
1, 0.257931, 0.326178, 0.425564, 15.9055, 7.66514, 8.13309
1, -0.0909885, 0.510567, 0.229198, 12.2321, 0.522763, 11.71
1, 0.592692, -0.138292, 0.0217272, 7.80868, 16.9406, 7.75687
1, -0.104223, -0.283031, 0.0289858, 19.681, 0.787477, 15.382
1, 0.270583, 0.235862, 0.00589246, 15.7902, 9.21071, 4.82809
1, -0.0142376, -0.153969, 0.395874, 10.1315, 16.4941, 17.1716
1, 0.388043, -0.350226, -0.0171211, 15.3275, 9.25605, 0.442688
1, 0.687643, 0.181822, -0.312756, 1.69137, 6.09804, 12.7501
1, -0.329244, -0.071274, 0.290763, 18.4296, 8.21857, 7.32589
1, -0.517453, -0.249024, -0.673391, 9.29257, 14.8665, 13.1004
1, -0.124729, 0.0382235, 0.0719901, 10.1142, 19.7105, 8.1601
1, 0.248292, -0.378349, 0.130554, 7.83428, 13.3035, 11.7087
1, 0.0367096, -0.35342, -0.0512641, 8.31343, 10.235, 17.5378
1, 0.339855, 0.0934921, 0.133743, 6.6499, 13.3278, 5.09866
1, -0.0566519, -0.472836, -0.155621, 6.69003, 3.22665, 2.27052
1, 0.503944, -0.0313224, -0.0091782, 9.83749, 8.07821, 5.61144
1, 0.256587, 0.372162, 0.225129, 15.6169, 10.6199, 12.5866
1, 0.0676052, 0.0882038, -0.102228, 0.460543, 13.9696, 7.92437
1, -0.640034, 0.147282, -0.447983, 5.44679, 2.61105, 16.2404
1, -0.113125, 0.23744, 0.232435, 2.76135, 6.93974, 2.77478
1, 0.00990587, 0.0221573, -0.0730748, 11.8099, 18.8875, 12.2919
1, 0.14142, -0.463861, -0.506196, 12.1305, 15.6716, 13.491
1, -0.154844, -0.0748449, -0.132328, 0.7759, 2.35124, 12.8321
1, 0.0798166, -0.287862, 0.012885, 17.2933, 4.91804, 14.5947
1, -0.108581, -0.215839, 0.260094, 16.5646, 12.6669, 1.97603
1, -0.0515544, 0.0198679, -0.354723, 10.7989, 3.28676, 14.2979
1, -0.109381, -0.0291154, -0.471607, 9.72576, 3.07522, 19.7997
1, 0.0411763, -0.593819, 0.594108, 9.4458, 11.2608, 2.1484
1, -0.116488, -0.483122, -0.16295, 19.0884, 16.2665, 14.3365
1, -0.678193, -0.461965, -0.11783, 13.2069, 5.98496, 8.6767
1, -0.251185, -0.243363, -0.388857, 3.09113, 3.70608, 0.311916
1, 0.21126, 0.0134221, 0.208322, 3.4286, 11.7763, 15.3668
1, -0.273225, 0.170283, -0.242407, 11.7457, 11.1462, 19.3692
1, -0.215738, -0.535346, -0.136054, 2.07807, 9.62487, 0.6091
1, -0.655597, -0.278423, 0.2184, 0.686303, 9.87971, 4.733
1, 0.00795882, -0.22029, 0.278269, 0.105314, 6.9987, 7.19032
1, 0.66098, -0.183608, 0.0981932, 10.9668, 0.962385, 0.0962125
1, 0.220229, -0.102634, -0.00381555, 0.226496, 5.47195, 0.27797
1, 0.835843, 0.666733, 0.462665, 19.9171, 12.5475, 2.48739
1, -0.080824, 0.173692, 0.0608249, 2.73093, 5.65711, 7.40815
1, 0.284957, -0.446548, 0.342864, 12.1298, 4.67419, 15.6738
1, -0.1088, -0.37029, -0.0285742, 8.99256, 4.45315, 0.502863
1, 0.216113, -0.322712, 0.18685, 17.8769, 19.6745, 8.60766
1, -0.288316, -0.0389211, 0.315278, 19.3704, 18.3175, 11.7487
1, 0.326417, 0.217287, 0.355077, 16.4244, 17.2022, 16.2533
1, 0.618915, -0.166106, 0.522763, 9.91128, 2.00723, 17.8565
1, -0.139657, 0.109115, 0.110773, 18.8346, 8.38314, 3.11853
1, 0.075706, 0.113788, 0.277131, 13.2057, 10.5949, 13.1602
1, -0.0433766, 0.152675, -0.253396, 9.25535, 9.71049, 17.2715
1, 0.156924, -0.306058, 0.0269896, 10.7047, 18.5526, 6.18692
1, -0.469763, -0.794976, -0.975185, 12.6742, 17.0816, 5.8486
1, -0.224779, 0.326026, -0.130655, 11.1582, 7.88518, 4.19514
1, -0.129239, 0.0804724, 0.12815, 18.3774, 8.90408, 13.9316
1, 0.43495, -0.599436, -0.272058, 17.1904, 3.17573, 12.3202
1, 0.146699, 0.0522078, 0.167913, 5.68271, 3.53916, 1.90975
1, 0.173745, -0.976183, 0.259817, 1.27622, 14.7229, 16.4978
1, 0.120039, 0.0989979, -0.0606549, 10.7546, 3.62706, 11.1287
1, -0.0894367, 0.117486, -0.0901504, 2.10202, 2.89511, 18.135
1, 0.146567, -0.194248, 0.469709, 2.27967, 6.20504, 15.5017
1, -0.194044, -0.100074, 0.549193, 4.76354, 4.15734, 1.62232
1, -0.314515, 0.166477, -0.69072, 19.8374, 9.52108, 17.4218
1, 0.21815, 0.362984, -0.0800874, 17.8903, 2.2996, 4.2864
1, 0.271359, 0.533495, -0.122752, 0.902325, 13.0373, 10.833
1, 0.14294, -0.22576, 0.195349, 4.91568, 17.057, 4.99397
1, -0.215043, 0.237738, -0.0166784, 16.388, 18.2882, 3.87454
1, 0.123227, 0.0957654, 0.103019, 11.7933, 7.48867, 2.96698
1, -0.120079, 0.072579, 0.241152, 13.0569, 19.0761, 17.8335
1, 0.0697622, -0.0177299, -0.400584, 5.89687, 9.06655, 15.8498
1, 0.272616, -0.014321, 0.220628, 17.8807, 17.6655, 8.81826
1, 0.229664, 0.169039, -0.119001, 8.95981, 5.55161, 3.2407
1, -0.122256, -0.37004, 0.249985, 19.8924, 6.04623, 7.0162
1, 0.399144, -0.0368941, -0.152853, 19.4123, 9.92103, 4.22633
1, 0.0138934, 0.138723, -0.0677338, 16.7145, 8.55527, 19.2399
